gpu,gpu_name,model,model_id,dtype,timestamp,phase,iteration,seconds,new_tokens,error
2080,NVIDIA GeForce RTX 2080 Ti,llama-1b,meta-llama/Llama-3.2-1B-Instruct,bfloat16,2026-08-02T08:03:10,load,0,2.708693941589445,0,
2080,NVIDIA GeForce RTX 2080 Ti,llama-1b,meta-llama/Llama-3.2-1B-Instruct,bfloat16,2026-08-02T08:03:10,load,1,2.7120261271484196,0,
2080,NVIDIA GeForce RTX 2080 Ti,llama-1b,meta-llama/Llama-3.2-1B-Instruct,bfloat16,2026-08-02T08:03:10,load,2,2.616236516274512,0,
2080,NVIDIA GeForce RTX 2080 Ti,llama-1b,meta-llama/Llama-3.2-1B-Instruct,bfloat16,2026-08-02T08:03:10,load,3,2.5889841858297586,0,
2080,NVIDIA GeForce RTX 2080 Ti,llama-1b,meta-llama/Llama-3.2-1B-Instruct,bfloat16,2026-08-02T08:03:10,load,4,2.5968006220646203,0,
2080,NVIDIA GeForce RTX 2080 Ti,llama-1b,meta-llama/Llama-3.2-1B-Instruct,bfloat16,2026-08-02T08:03:10,load,5,2.6673327488824725,0,
2080,NVIDIA GeForce RTX 2080 Ti,llama-1b,meta-llama/Llama-3.2-1B-Instruct,bfloat16,2026-08-02T08:03:10,load,6,2.5802444401197135,0,
2080,NVIDIA GeForce RTX 2080 Ti,llama-1b,meta-llama/Llama-3.2-1B-Instruct,bfloat16,2026-08-02T08:03:10,load,7,2.599158573895693,0,
2080,NVIDIA GeForce RTX 2080 Ti,llama-1b,meta-llama/Llama-3.2-1B-Instruct,bfloat16,2026-08-02T08:03:10,load,8,2.597115556243807,0,
2080,NVIDIA GeForce RTX 2080 Ti,llama-1b,meta-llama/Llama-3.2-1B-Instruct,bfloat16,2026-08-02T08:03:10,load,9,2.6028469018638134,0,
2080,NVIDIA GeForce RTX 2080 Ti,llama-1b,meta-llama/Llama-3.2-1B-Instruct,bfloat16,2026-08-02T08:03:10,load,10,2.5773336100392044,0,
2080,NVIDIA GeForce RTX 2080 Ti,llama-1b,meta-llama/Llama-3.2-1B-Instruct,bfloat16,2026-08-02T08:03:10,load,11,2.596033946610987,0,
2080,NVIDIA GeForce RTX 2080 Ti,llama-1b,meta-llama/Llama-3.2-1B-Instruct,bfloat16,2026-08-02T08:03:10,load,12,2.594424062874168,0,
2080,NVIDIA GeForce RTX 2080 Ti,llama-1b,meta-llama/Llama-3.2-1B-Instruct,bfloat16,2026-08-02T08:03:10,load,13,2.5857171081006527,0,
2080,NVIDIA GeForce RTX 2080 Ti,llama-1b,meta-llama/Llama-3.2-1B-Instruct,bfloat16,2026-08-02T08:03:10,load,14,2.5998980342410505,0,
2080,NVIDIA GeForce RTX 2080 Ti,llama-1b,meta-llama/Llama-3.2-1B-Instruct,bfloat16,2026-08-02T08:03:10,load,15,2.5951900938525796,0,
2080,NVIDIA GeForce RTX 2080 Ti,llama-1b,meta-llama/Llama-3.2-1B-Instruct,bfloat16,2026-08-02T08:03:10,load,16,2.6229290668852627,0,
2080,NVIDIA GeForce RTX 2080 Ti,llama-1b,meta-llama/Llama-3.2-1B-Instruct,bfloat16,2026-08-02T08:03:10,load,17,2.654995234683156,0,
2080,NVIDIA GeForce RTX 2080 Ti,llama-1b,meta-llama/Llama-3.2-1B-Instruct,bfloat16,2026-08-02T08:03:10,load,18,2.6182664376683533,0,
2080,NVIDIA GeForce RTX 2080 Ti,llama-1b,meta-llama/Llama-3.2-1B-Instruct,bfloat16,2026-08-02T08:03:10,load,19,2.593248353805393,0,
2080,NVIDIA GeForce RTX 2080 Ti,llama-1b,meta-llama/Llama-3.2-1B-Instruct,bfloat16,2026-08-02T08:03:10,load,20,2.6187908863648772,0,
2080,NVIDIA GeForce RTX 2080 Ti,llama-1b,meta-llama/Llama-3.2-1B-Instruct,bfloat16,2026-08-02T08:03:10,load,21,2.6233539166860282,0,
2080,NVIDIA GeForce RTX 2080 Ti,llama-1b,meta-llama/Llama-3.2-1B-Instruct,bfloat16,2026-08-02T08:03:10,load,22,2.624181241262704,0,
2080,NVIDIA GeForce RTX 2080 Ti,llama-1b,meta-llama/Llama-3.2-1B-Instruct,bfloat16,2026-08-02T08:03:10,load,23,2.6337702269665897,0,
2080,NVIDIA GeForce RTX 2080 Ti,llama-1b,meta-llama/Llama-3.2-1B-Instruct,bfloat16,2026-08-02T08:03:10,load,24,2.589963351842016,0,
2080,NVIDIA GeForce RTX 2080 Ti,llama-1b,meta-llama/Llama-3.2-1B-Instruct,bfloat16,2026-08-02T08:03:10,load,25,2.600890282075852,0,
2080,NVIDIA GeForce RTX 2080 Ti,llama-1b,meta-llama/Llama-3.2-1B-Instruct,bfloat16,2026-08-02T08:03:10,load,26,2.6588074918836355,0,
2080,NVIDIA GeForce RTX 2080 Ti,llama-1b,meta-llama/Llama-3.2-1B-Instruct,bfloat16,2026-08-02T08:03:10,load,27,2.6118678161874413,0,
2080,NVIDIA GeForce RTX 2080 Ti,llama-1b,meta-llama/Llama-3.2-1B-Instruct,bfloat16,2026-08-02T08:03:10,load,28,2.613046855200082,0,
2080,NVIDIA GeForce RTX 2080 Ti,llama-1b,meta-llama/Llama-3.2-1B-Instruct,bfloat16,2026-08-02T08:03:10,load,29,2.6062277918681502,0,
2080,NVIDIA GeForce RTX 2080 Ti,llama-1b,meta-llama/Llama-3.2-1B-Instruct,bfloat16,2026-08-02T08:03:10,load,30,2.665065729059279,0,
2080,NVIDIA GeForce RTX 2080 Ti,llama-1b,meta-llama/Llama-3.2-1B-Instruct,bfloat16,2026-08-02T08:03:10,load,31,2.580449136905372,0,
2080,NVIDIA GeForce RTX 2080 Ti,llama-1b,meta-llama/Llama-3.2-1B-Instruct,bfloat16,2026-08-02T08:03:10,load,32,2.5936010642908514,0,
2080,NVIDIA GeForce RTX 2080 Ti,llama-1b,meta-llama/Llama-3.2-1B-Instruct,bfloat16,2026-08-02T08:03:10,load,33,2.605929468292743,0,
2080,NVIDIA GeForce RTX 2080 Ti,llama-1b,meta-llama/Llama-3.2-1B-Instruct,bfloat16,2026-08-02T08:03:10,load,34,2.6020267382264137,0,
2080,NVIDIA GeForce RTX 2080 Ti,llama-1b,meta-llama/Llama-3.2-1B-Instruct,bfloat16,2026-08-02T08:03:10,load,35,2.6438074721954763,0,
2080,NVIDIA GeForce RTX 2080 Ti,llama-1b,meta-llama/Llama-3.2-1B-Instruct,bfloat16,2026-08-02T08:03:10,load,36,2.7127412809059024,0,
2080,NVIDIA GeForce RTX 2080 Ti,llama-1b,meta-llama/Llama-3.2-1B-Instruct,bfloat16,2026-08-02T08:03:10,load,37,2.6236690296791494,0,
2080,NVIDIA GeForce RTX 2080 Ti,llama-1b,meta-llama/Llama-3.2-1B-Instruct,bfloat16,2026-08-02T08:03:10,load,38,2.6200413228943944,0,
2080,NVIDIA GeForce RTX 2080 Ti,llama-1b,meta-llama/Llama-3.2-1B-Instruct,bfloat16,2026-08-02T08:03:10,load,39,2.611111059319228,0,
2080,NVIDIA GeForce RTX 2080 Ti,llama-1b,meta-llama/Llama-3.2-1B-Instruct,bfloat16,2026-08-02T08:03:10,load,40,2.7184049068018794,0,
2080,NVIDIA GeForce RTX 2080 Ti,llama-1b,meta-llama/Llama-3.2-1B-Instruct,bfloat16,2026-08-02T08:03:10,load,41,2.6040053591132164,0,
2080,NVIDIA GeForce RTX 2080 Ti,llama-1b,meta-llama/Llama-3.2-1B-Instruct,bfloat16,2026-08-02T08:03:10,load,42,2.5897575081326067,0,
2080,NVIDIA GeForce RTX 2080 Ti,llama-1b,meta-llama/Llama-3.2-1B-Instruct,bfloat16,2026-08-02T08:03:10,load,43,2.5985886910930276,0,
2080,NVIDIA GeForce RTX 2080 Ti,llama-1b,meta-llama/Llama-3.2-1B-Instruct,bfloat16,2026-08-02T08:03:10,load,44,2.64166961889714,0,
2080,NVIDIA GeForce RTX 2080 Ti,llama-1b,meta-llama/Llama-3.2-1B-Instruct,bfloat16,2026-08-02T08:03:10,load,45,2.6120828380808234,0,
2080,NVIDIA GeForce RTX 2080 Ti,llama-1b,meta-llama/Llama-3.2-1B-Instruct,bfloat16,2026-08-02T08:03:10,load,46,2.6528732469305396,0,
2080,NVIDIA GeForce RTX 2080 Ti,llama-1b,meta-llama/Llama-3.2-1B-Instruct,bfloat16,2026-08-02T08:03:10,load,47,2.7426838846877217,0,
2080,NVIDIA GeForce RTX 2080 Ti,llama-1b,meta-llama/Llama-3.2-1B-Instruct,bfloat16,2026-08-02T08:03:10,load,48,2.640424002893269,0,
2080,NVIDIA GeForce RTX 2080 Ti,llama-1b,meta-llama/Llama-3.2-1B-Instruct,bfloat16,2026-08-02T08:03:10,load,49,2.5965493670664728,0,
2080,NVIDIA GeForce RTX 2080 Ti,llama-1b,meta-llama/Llama-3.2-1B-Instruct,bfloat16,2026-08-02T08:03:10,load,50,2.7144626923836768,0,
2080,NVIDIA GeForce RTX 2080 Ti,llama-1b,meta-llama/Llama-3.2-1B-Instruct,bfloat16,2026-08-02T08:03:10,load,51,2.596001024823636,0,
2080,NVIDIA GeForce RTX 2080 Ti,llama-1b,meta-llama/Llama-3.2-1B-Instruct,bfloat16,2026-08-02T08:03:10,load,52,3.3445447334088385,0,
2080,NVIDIA GeForce RTX 2080 Ti,llama-1b,meta-llama/Llama-3.2-1B-Instruct,bfloat16,2026-08-02T08:03:10,load,53,6.434496248140931,0,
2080,NVIDIA GeForce RTX 2080 Ti,llama-1b,meta-llama/Llama-3.2-1B-Instruct,bfloat16,2026-08-02T08:03:10,load,54,2.6100372201763093,0,
2080,NVIDIA GeForce RTX 2080 Ti,llama-1b,meta-llama/Llama-3.2-1B-Instruct,bfloat16,2026-08-02T08:03:10,load,55,2.646317561622709,0,
2080,NVIDIA GeForce RTX 2080 Ti,llama-1b,meta-llama/Llama-3.2-1B-Instruct,bfloat16,2026-08-02T08:03:10,load,56,2.6057242467068136,0,
2080,NVIDIA GeForce RTX 2080 Ti,llama-1b,meta-llama/Llama-3.2-1B-Instruct,bfloat16,2026-08-02T08:03:10,load,57,2.8667054628022015,0,
2080,NVIDIA GeForce RTX 2080 Ti,llama-1b,meta-llama/Llama-3.2-1B-Instruct,bfloat16,2026-08-02T08:03:10,load,58,2.6165297608822584,0,
2080,NVIDIA GeForce RTX 2080 Ti,llama-1b,meta-llama/Llama-3.2-1B-Instruct,bfloat16,2026-08-02T08:03:10,load,59,2.6052809790708125,0,
2080,NVIDIA GeForce RTX 2080 Ti,llama-1b,meta-llama/Llama-3.2-1B-Instruct,bfloat16,2026-08-02T08:03:10,load,60,3.6104331691749394,0,
2080,NVIDIA GeForce RTX 2080 Ti,llama-1b,meta-llama/Llama-3.2-1B-Instruct,bfloat16,2026-08-02T08:03:10,load,61,2.6155288470909,0,
2080,NVIDIA GeForce RTX 2080 Ti,llama-1b,meta-llama/Llama-3.2-1B-Instruct,bfloat16,2026-08-02T08:03:10,load,62,2.591219167225063,0,
2080,NVIDIA GeForce RTX 2080 Ti,llama-1b,meta-llama/Llama-3.2-1B-Instruct,bfloat16,2026-08-02T08:03:10,load,63,2.6160720754414797,0,
2080,NVIDIA GeForce RTX 2080 Ti,llama-1b,meta-llama/Llama-3.2-1B-Instruct,bfloat16,2026-08-02T08:03:10,load,64,2.678082962986082,0,
2080,NVIDIA GeForce RTX 2080 Ti,llama-1b,meta-llama/Llama-3.2-1B-Instruct,bfloat16,2026-08-02T08:03:10,load,65,2.5880810474045575,0,
2080,NVIDIA GeForce RTX 2080 Ti,llama-1b,meta-llama/Llama-3.2-1B-Instruct,bfloat16,2026-08-02T08:03:10,load,66,2.6171204983256757,0,
2080,NVIDIA GeForce RTX 2080 Ti,llama-1b,meta-llama/Llama-3.2-1B-Instruct,bfloat16,2026-08-02T08:03:10,load,67,2.6012519290670753,0,
2080,NVIDIA GeForce RTX 2080 Ti,llama-1b,meta-llama/Llama-3.2-1B-Instruct,bfloat16,2026-08-02T08:03:10,load,68,2.57921055611223,0,
2080,NVIDIA GeForce RTX 2080 Ti,llama-1b,meta-llama/Llama-3.2-1B-Instruct,bfloat16,2026-08-02T08:03:10,load,69,2.610231983009726,0,
2080,NVIDIA GeForce RTX 2080 Ti,llama-1b,meta-llama/Llama-3.2-1B-Instruct,bfloat16,2026-08-02T08:03:10,load,70,2.725462691858411,0,
2080,NVIDIA GeForce RTX 2080 Ti,llama-1b,meta-llama/Llama-3.2-1B-Instruct,bfloat16,2026-08-02T08:03:10,load,71,2.638749676756561,0,
2080,NVIDIA GeForce RTX 2080 Ti,llama-1b,meta-llama/Llama-3.2-1B-Instruct,bfloat16,2026-08-02T08:03:10,load,72,2.6155461804009974,0,
2080,NVIDIA GeForce RTX 2080 Ti,llama-1b,meta-llama/Llama-3.2-1B-Instruct,bfloat16,2026-08-02T08:03:10,load,73,2.561334465164691,0,
2080,NVIDIA GeForce RTX 2080 Ti,llama-1b,meta-llama/Llama-3.2-1B-Instruct,bfloat16,2026-08-02T08:03:10,load,74,2.639911714941263,0,
2080,NVIDIA GeForce RTX 2080 Ti,llama-1b,meta-llama/Llama-3.2-1B-Instruct,bfloat16,2026-08-02T08:03:10,load,75,2.6178672392852604,0,
2080,NVIDIA GeForce RTX 2080 Ti,llama-1b,meta-llama/Llama-3.2-1B-Instruct,bfloat16,2026-08-02T08:03:10,load,76,2.6196150523610413,0,
2080,NVIDIA GeForce RTX 2080 Ti,llama-1b,meta-llama/Llama-3.2-1B-Instruct,bfloat16,2026-08-02T08:03:10,load,77,2.618136913049966,0,
2080,NVIDIA GeForce RTX 2080 Ti,llama-1b,meta-llama/Llama-3.2-1B-Instruct,bfloat16,2026-08-02T08:03:10,load,78,2.649060629773885,0,
2080,NVIDIA GeForce RTX 2080 Ti,llama-1b,meta-llama/Llama-3.2-1B-Instruct,bfloat16,2026-08-02T08:03:10,load,79,2.642074191942811,0,
2080,NVIDIA GeForce RTX 2080 Ti,llama-1b,meta-llama/Llama-3.2-1B-Instruct,bfloat16,2026-08-02T08:03:10,load,80,2.609811468049884,0,
2080,NVIDIA GeForce RTX 2080 Ti,llama-1b,meta-llama/Llama-3.2-1B-Instruct,bfloat16,2026-08-02T08:03:10,load,81,2.622043817769736,0,
2080,NVIDIA GeForce RTX 2080 Ti,llama-1b,meta-llama/Llama-3.2-1B-Instruct,bfloat16,2026-08-02T08:03:10,load,82,2.5923111201263964,0,
2080,NVIDIA GeForce RTX 2080 Ti,llama-1b,meta-llama/Llama-3.2-1B-Instruct,bfloat16,2026-08-02T08:03:10,load,83,2.5945465667173266,0,
2080,NVIDIA GeForce RTX 2080 Ti,llama-1b,meta-llama/Llama-3.2-1B-Instruct,bfloat16,2026-08-02T08:03:10,load,84,2.615639212075621,0,
2080,NVIDIA GeForce RTX 2080 Ti,llama-1b,meta-llama/Llama-3.2-1B-Instruct,bfloat16,2026-08-02T08:03:10,load,85,2.610430862288922,0,
2080,NVIDIA GeForce RTX 2080 Ti,llama-1b,meta-llama/Llama-3.2-1B-Instruct,bfloat16,2026-08-02T08:03:10,load,86,2.595030673779547,0,
2080,NVIDIA GeForce RTX 2080 Ti,llama-1b,meta-llama/Llama-3.2-1B-Instruct,bfloat16,2026-08-02T08:03:10,load,87,2.617818415630609,0,
2080,NVIDIA GeForce RTX 2080 Ti,llama-1b,meta-llama/Llama-3.2-1B-Instruct,bfloat16,2026-08-02T08:03:10,load,88,2.620892337989062,0,
2080,NVIDIA GeForce RTX 2080 Ti,llama-1b,meta-llama/Llama-3.2-1B-Instruct,bfloat16,2026-08-02T08:03:10,load,89,2.609086147043854,0,
2080,NVIDIA GeForce RTX 2080 Ti,llama-1b,meta-llama/Llama-3.2-1B-Instruct,bfloat16,2026-08-02T08:03:10,load,90,2.6578134391456842,0,
2080,NVIDIA GeForce RTX 2080 Ti,llama-1b,meta-llama/Llama-3.2-1B-Instruct,bfloat16,2026-08-02T08:03:10,load,91,2.5899212872609496,0,
2080,NVIDIA GeForce RTX 2080 Ti,llama-1b,meta-llama/Llama-3.2-1B-Instruct,bfloat16,2026-08-02T08:03:10,load,92,2.6367232562042773,0,
2080,NVIDIA GeForce RTX 2080 Ti,llama-1b,meta-llama/Llama-3.2-1B-Instruct,bfloat16,2026-08-02T08:03:10,load,93,2.69134983420372,0,
2080,NVIDIA GeForce RTX 2080 Ti,llama-1b,meta-llama/Llama-3.2-1B-Instruct,bfloat16,2026-08-02T08:03:10,load,94,2.5913565289229155,0,
2080,NVIDIA GeForce RTX 2080 Ti,llama-1b,meta-llama/Llama-3.2-1B-Instruct,bfloat16,2026-08-02T08:03:10,load,95,2.6420451728627086,0,
2080,NVIDIA GeForce RTX 2080 Ti,llama-1b,meta-llama/Llama-3.2-1B-Instruct,bfloat16,2026-08-02T08:03:10,load,96,2.606167740188539,0,
2080,NVIDIA GeForce RTX 2080 Ti,llama-1b,meta-llama/Llama-3.2-1B-Instruct,bfloat16,2026-08-02T08:03:10,load,97,2.605712660588324,0,
2080,NVIDIA GeForce RTX 2080 Ti,llama-1b,meta-llama/Llama-3.2-1B-Instruct,bfloat16,2026-08-02T08:03:10,load,98,2.63566640811041,0,
2080,NVIDIA GeForce RTX 2080 Ti,llama-1b,meta-llama/Llama-3.2-1B-Instruct,bfloat16,2026-08-02T08:03:10,load,99,2.6237976332195103,0,
2080,NVIDIA GeForce RTX 2080 Ti,llama-1b,meta-llama/Llama-3.2-1B-Instruct,bfloat16,2026-08-02T08:03:10,inference,0,0.5203945050016046,24,
2080,NVIDIA GeForce RTX 2080 Ti,llama-1b,meta-llama/Llama-3.2-1B-Instruct,bfloat16,2026-08-02T08:03:10,inference,1,0.5240002712234855,24,
2080,NVIDIA GeForce RTX 2080 Ti,llama-1b,meta-llama/Llama-3.2-1B-Instruct,bfloat16,2026-08-02T08:03:10,inference,2,0.5206616530194879,24,
2080,NVIDIA GeForce RTX 2080 Ti,llama-1b,meta-llama/Llama-3.2-1B-Instruct,bfloat16,2026-08-02T08:03:10,inference,3,0.5185761898756027,24,
2080,NVIDIA GeForce RTX 2080 Ti,llama-1b,meta-llama/Llama-3.2-1B-Instruct,bfloat16,2026-08-02T08:03:10,inference,4,0.5199801800772548,24,
2080,NVIDIA GeForce RTX 2080 Ti,llama-1b,meta-llama/Llama-3.2-1B-Instruct,bfloat16,2026-08-02T08:03:10,inference,5,0.5192183800972998,24,
2080,NVIDIA GeForce RTX 2080 Ti,llama-1b,meta-llama/Llama-3.2-1B-Instruct,bfloat16,2026-08-02T08:03:10,inference,6,0.5225983508862555,24,
2080,NVIDIA GeForce RTX 2080 Ti,llama-1b,meta-llama/Llama-3.2-1B-Instruct,bfloat16,2026-08-02T08:03:10,inference,7,0.51934669399634,24,
2080,NVIDIA GeForce RTX 2080 Ti,llama-1b,meta-llama/Llama-3.2-1B-Instruct,bfloat16,2026-08-02T08:03:10,inference,8,0.5190870398655534,24,
2080,NVIDIA GeForce RTX 2080 Ti,llama-1b,meta-llama/Llama-3.2-1B-Instruct,bfloat16,2026-08-02T08:03:10,inference,9,0.5195959089323878,24,
2080,NVIDIA GeForce RTX 2080 Ti,llama-1b,meta-llama/Llama-3.2-1B-Instruct,bfloat16,2026-08-02T08:03:10,inference,10,0.5205429838970304,24,
2080,NVIDIA GeForce RTX 2080 Ti,llama-1b,meta-llama/Llama-3.2-1B-Instruct,bfloat16,2026-08-02T08:03:10,inference,11,0.5201646210625768,24,
2080,NVIDIA GeForce RTX 2080 Ti,llama-1b,meta-llama/Llama-3.2-1B-Instruct,bfloat16,2026-08-02T08:03:10,inference,12,0.5196144846267998,24,
2080,NVIDIA GeForce RTX 2080 Ti,llama-1b,meta-llama/Llama-3.2-1B-Instruct,bfloat16,2026-08-02T08:03:10,inference,13,0.5199239132925868,24,
2080,NVIDIA GeForce RTX 2080 Ti,llama-1b,meta-llama/Llama-3.2-1B-Instruct,bfloat16,2026-08-02T08:03:10,inference,14,0.5235435222275555,24,
2080,NVIDIA GeForce RTX 2080 Ti,llama-1b,meta-llama/Llama-3.2-1B-Instruct,bfloat16,2026-08-02T08:03:10,inference,15,0.5198967908509076,24,
2080,NVIDIA GeForce RTX 2080 Ti,llama-1b,meta-llama/Llama-3.2-1B-Instruct,bfloat16,2026-08-02T08:03:10,inference,16,0.5178354308009148,24,
2080,NVIDIA GeForce RTX 2080 Ti,llama-1b,meta-llama/Llama-3.2-1B-Instruct,bfloat16,2026-08-02T08:03:10,inference,17,0.5200210362672806,24,
2080,NVIDIA GeForce RTX 2080 Ti,llama-1b,meta-llama/Llama-3.2-1B-Instruct,bfloat16,2026-08-02T08:03:10,inference,18,0.5191572126932442,24,
2080,NVIDIA GeForce RTX 2080 Ti,llama-1b,meta-llama/Llama-3.2-1B-Instruct,bfloat16,2026-08-02T08:03:10,inference,19,0.5196088887751102,24,
2080,NVIDIA GeForce RTX 2080 Ti,llama-1b,meta-llama/Llama-3.2-1B-Instruct,bfloat16,2026-08-02T08:03:10,inference,20,0.519922852050513,24,
2080,NVIDIA GeForce RTX 2080 Ti,llama-1b,meta-llama/Llama-3.2-1B-Instruct,bfloat16,2026-08-02T08:03:10,inference,21,0.5198634108528495,24,
2080,NVIDIA GeForce RTX 2080 Ti,llama-1b,meta-llama/Llama-3.2-1B-Instruct,bfloat16,2026-08-02T08:03:10,inference,22,0.5186106949113309,24,
2080,NVIDIA GeForce RTX 2080 Ti,llama-1b,meta-llama/Llama-3.2-1B-Instruct,bfloat16,2026-08-02T08:03:10,inference,23,0.5200200881808996,24,
2080,NVIDIA GeForce RTX 2080 Ti,llama-1b,meta-llama/Llama-3.2-1B-Instruct,bfloat16,2026-08-02T08:03:10,inference,24,0.5195659678429365,24,
2080,NVIDIA GeForce RTX 2080 Ti,llama-1b,meta-llama/Llama-3.2-1B-Instruct,bfloat16,2026-08-02T08:03:10,inference,25,0.5191748412325978,24,
2080,NVIDIA GeForce RTX 2080 Ti,llama-1b,meta-llama/Llama-3.2-1B-Instruct,bfloat16,2026-08-02T08:03:10,inference,26,0.5194692402146757,24,
2080,NVIDIA GeForce RTX 2080 Ti,llama-1b,meta-llama/Llama-3.2-1B-Instruct,bfloat16,2026-08-02T08:03:10,inference,27,0.5205711387097836,24,
2080,NVIDIA GeForce RTX 2080 Ti,llama-1b,meta-llama/Llama-3.2-1B-Instruct,bfloat16,2026-08-02T08:03:10,inference,28,0.5191053273156285,24,
2080,NVIDIA GeForce RTX 2080 Ti,llama-1b,meta-llama/Llama-3.2-1B-Instruct,bfloat16,2026-08-02T08:03:10,inference,29,0.5205144695937634,24,
2080,NVIDIA GeForce RTX 2080 Ti,llama-1b,meta-llama/Llama-3.2-1B-Instruct,bfloat16,2026-08-02T08:03:10,inference,30,0.5238277353346348,24,
2080,NVIDIA GeForce RTX 2080 Ti,llama-1b,meta-llama/Llama-3.2-1B-Instruct,bfloat16,2026-08-02T08:03:10,inference,31,0.5201690099202096,24,
2080,NVIDIA GeForce RTX 2080 Ti,llama-1b,meta-llama/Llama-3.2-1B-Instruct,bfloat16,2026-08-02T08:03:10,inference,32,0.5192031050100923,24,
2080,NVIDIA GeForce RTX 2080 Ti,llama-1b,meta-llama/Llama-3.2-1B-Instruct,bfloat16,2026-08-02T08:03:10,inference,33,0.5204532770439982,24,
2080,NVIDIA GeForce RTX 2080 Ti,llama-1b,meta-llama/Llama-3.2-1B-Instruct,bfloat16,2026-08-02T08:03:10,inference,34,0.5202739937230945,24,
2080,NVIDIA GeForce RTX 2080 Ti,llama-1b,meta-llama/Llama-3.2-1B-Instruct,bfloat16,2026-08-02T08:03:10,inference,35,0.5204038200899959,24,
2080,NVIDIA GeForce RTX 2080 Ti,llama-1b,meta-llama/Llama-3.2-1B-Instruct,bfloat16,2026-08-02T08:03:10,inference,36,0.5199310081079602,24,
2080,NVIDIA GeForce RTX 2080 Ti,llama-1b,meta-llama/Llama-3.2-1B-Instruct,bfloat16,2026-08-02T08:03:10,inference,37,0.5193521822802722,24,
2080,NVIDIA GeForce RTX 2080 Ti,llama-1b,meta-llama/Llama-3.2-1B-Instruct,bfloat16,2026-08-02T08:03:10,inference,38,0.5196838700212538,24,
2080,NVIDIA GeForce RTX 2080 Ti,llama-1b,meta-llama/Llama-3.2-1B-Instruct,bfloat16,2026-08-02T08:03:10,inference,39,0.5191241437569261,24,
2080,NVIDIA GeForce RTX 2080 Ti,llama-1b,meta-llama/Llama-3.2-1B-Instruct,bfloat16,2026-08-02T08:03:10,inference,40,0.5207397849299014,24,
2080,NVIDIA GeForce RTX 2080 Ti,llama-1b,meta-llama/Llama-3.2-1B-Instruct,bfloat16,2026-08-02T08:03:10,inference,41,0.5206552972085774,24,
2080,NVIDIA GeForce RTX 2080 Ti,llama-1b,meta-llama/Llama-3.2-1B-Instruct,bfloat16,2026-08-02T08:03:10,inference,42,0.52242576982826,24,
2080,NVIDIA GeForce RTX 2080 Ti,llama-1b,meta-llama/Llama-3.2-1B-Instruct,bfloat16,2026-08-02T08:03:10,inference,43,0.5190686658024788,24,
2080,NVIDIA GeForce RTX 2080 Ti,llama-1b,meta-llama/Llama-3.2-1B-Instruct,bfloat16,2026-08-02T08:03:10,inference,44,0.5243521402589977,24,
2080,NVIDIA GeForce RTX 2080 Ti,llama-1b,meta-llama/Llama-3.2-1B-Instruct,bfloat16,2026-08-02T08:03:10,inference,45,0.5185580840334296,24,
2080,NVIDIA GeForce RTX 2080 Ti,llama-1b,meta-llama/Llama-3.2-1B-Instruct,bfloat16,2026-08-02T08:03:10,inference,46,0.5202734060585499,24,
2080,NVIDIA GeForce RTX 2080 Ti,llama-1b,meta-llama/Llama-3.2-1B-Instruct,bfloat16,2026-08-02T08:03:10,inference,47,0.5193634391762316,24,
2080,NVIDIA GeForce RTX 2080 Ti,llama-1b,meta-llama/Llama-3.2-1B-Instruct,bfloat16,2026-08-02T08:03:10,inference,48,0.5196089930832386,24,
2080,NVIDIA GeForce RTX 2080 Ti,llama-1b,meta-llama/Llama-3.2-1B-Instruct,bfloat16,2026-08-02T08:03:10,inference,49,0.5189284570515156,24,
2080,NVIDIA GeForce RTX 2080 Ti,llama-1b,meta-llama/Llama-3.2-1B-Instruct,bfloat16,2026-08-02T08:03:10,inference,50,0.5190504053607583,24,
2080,NVIDIA GeForce RTX 2080 Ti,llama-1b,meta-llama/Llama-3.2-1B-Instruct,bfloat16,2026-08-02T08:03:10,inference,51,0.5187481958419085,24,
2080,NVIDIA GeForce RTX 2080 Ti,llama-1b,meta-llama/Llama-3.2-1B-Instruct,bfloat16,2026-08-02T08:03:10,inference,52,0.5201127640902996,24,
2080,NVIDIA GeForce RTX 2080 Ti,llama-1b,meta-llama/Llama-3.2-1B-Instruct,bfloat16,2026-08-02T08:03:10,inference,53,0.5205714390613139,24,
2080,NVIDIA GeForce RTX 2080 Ti,llama-1b,meta-llama/Llama-3.2-1B-Instruct,bfloat16,2026-08-02T08:03:10,inference,54,0.5209483979269862,24,
2080,NVIDIA GeForce RTX 2080 Ti,llama-1b,meta-llama/Llama-3.2-1B-Instruct,bfloat16,2026-08-02T08:03:10,inference,55,0.520622945856303,24,
2080,NVIDIA GeForce RTX 2080 Ti,llama-1b,meta-llama/Llama-3.2-1B-Instruct,bfloat16,2026-08-02T08:03:10,inference,56,0.520657236687839,24,
2080,NVIDIA GeForce RTX 2080 Ti,llama-1b,meta-llama/Llama-3.2-1B-Instruct,bfloat16,2026-08-02T08:03:10,inference,57,0.5200481149367988,24,
2080,NVIDIA GeForce RTX 2080 Ti,llama-1b,meta-llama/Llama-3.2-1B-Instruct,bfloat16,2026-08-02T08:03:10,inference,58,0.5201587150804698,24,
2080,NVIDIA GeForce RTX 2080 Ti,llama-1b,meta-llama/Llama-3.2-1B-Instruct,bfloat16,2026-08-02T08:03:10,inference,59,0.5230895080603659,24,
2080,NVIDIA GeForce RTX 2080 Ti,llama-1b,meta-llama/Llama-3.2-1B-Instruct,bfloat16,2026-08-02T08:03:10,inference,60,0.5211180332116783,24,
2080,NVIDIA GeForce RTX 2080 Ti,llama-1b,meta-llama/Llama-3.2-1B-Instruct,bfloat16,2026-08-02T08:03:10,inference,61,0.5205494812689722,24,
2080,NVIDIA GeForce RTX 2080 Ti,llama-1b,meta-llama/Llama-3.2-1B-Instruct,bfloat16,2026-08-02T08:03:10,inference,62,0.5202204282395542,24,
2080,NVIDIA GeForce RTX 2080 Ti,llama-1b,meta-llama/Llama-3.2-1B-Instruct,bfloat16,2026-08-02T08:03:10,inference,63,0.5206433497369289,24,
2080,NVIDIA GeForce RTX 2080 Ti,llama-1b,meta-llama/Llama-3.2-1B-Instruct,bfloat16,2026-08-02T08:03:10,inference,64,0.5199284958653152,24,
2080,NVIDIA GeForce RTX 2080 Ti,llama-1b,meta-llama/Llama-3.2-1B-Instruct,bfloat16,2026-08-02T08:03:10,inference,65,0.5215918719768524,24,
2080,NVIDIA GeForce RTX 2080 Ti,llama-1b,meta-llama/Llama-3.2-1B-Instruct,bfloat16,2026-08-02T08:03:10,inference,66,0.520399053581059,24,
2080,NVIDIA GeForce RTX 2080 Ti,llama-1b,meta-llama/Llama-3.2-1B-Instruct,bfloat16,2026-08-02T08:03:10,inference,67,0.5214936742559075,24,
2080,NVIDIA GeForce RTX 2080 Ti,llama-1b,meta-llama/Llama-3.2-1B-Instruct,bfloat16,2026-08-02T08:03:10,inference,68,0.519722105935216,24,
2080,NVIDIA GeForce RTX 2080 Ti,llama-1b,meta-llama/Llama-3.2-1B-Instruct,bfloat16,2026-08-02T08:03:10,inference,69,0.5214765276759863,24,
2080,NVIDIA GeForce RTX 2080 Ti,llama-1b,meta-llama/Llama-3.2-1B-Instruct,bfloat16,2026-08-02T08:03:10,inference,70,0.5199863719753921,24,
2080,NVIDIA GeForce RTX 2080 Ti,llama-1b,meta-llama/Llama-3.2-1B-Instruct,bfloat16,2026-08-02T08:03:10,inference,71,0.5202331389300525,24,
2080,NVIDIA GeForce RTX 2080 Ti,llama-1b,meta-llama/Llama-3.2-1B-Instruct,bfloat16,2026-08-02T08:03:10,inference,72,0.519065317697823,24,
2080,NVIDIA GeForce RTX 2080 Ti,llama-1b,meta-llama/Llama-3.2-1B-Instruct,bfloat16,2026-08-02T08:03:10,inference,73,0.5208766511641443,24,
2080,NVIDIA GeForce RTX 2080 Ti,llama-1b,meta-llama/Llama-3.2-1B-Instruct,bfloat16,2026-08-02T08:03:10,inference,74,0.5197793990373611,24,
2080,NVIDIA GeForce RTX 2080 Ti,llama-1b,meta-llama/Llama-3.2-1B-Instruct,bfloat16,2026-08-02T08:03:10,inference,75,0.5211153961718082,24,
2080,NVIDIA GeForce RTX 2080 Ti,llama-1b,meta-llama/Llama-3.2-1B-Instruct,bfloat16,2026-08-02T08:03:10,inference,76,0.5210909177549183,24,
2080,NVIDIA GeForce RTX 2080 Ti,llama-1b,meta-llama/Llama-3.2-1B-Instruct,bfloat16,2026-08-02T08:03:10,inference,77,0.5212687849998474,24,
2080,NVIDIA GeForce RTX 2080 Ti,llama-1b,meta-llama/Llama-3.2-1B-Instruct,bfloat16,2026-08-02T08:03:10,inference,78,0.5207301722839475,24,
2080,NVIDIA GeForce RTX 2080 Ti,llama-1b,meta-llama/Llama-3.2-1B-Instruct,bfloat16,2026-08-02T08:03:10,inference,79,0.5204767808318138,24,
2080,NVIDIA GeForce RTX 2080 Ti,llama-1b,meta-llama/Llama-3.2-1B-Instruct,bfloat16,2026-08-02T08:03:10,inference,80,0.5199462403543293,24,
2080,NVIDIA GeForce RTX 2080 Ti,llama-1b,meta-llama/Llama-3.2-1B-Instruct,bfloat16,2026-08-02T08:03:10,inference,81,0.5212443890050054,24,
2080,NVIDIA GeForce RTX 2080 Ti,llama-1b,meta-llama/Llama-3.2-1B-Instruct,bfloat16,2026-08-02T08:03:10,inference,82,0.5211937241256237,24,
2080,NVIDIA GeForce RTX 2080 Ti,llama-1b,meta-llama/Llama-3.2-1B-Instruct,bfloat16,2026-08-02T08:03:10,inference,83,0.5212578712962568,24,
2080,NVIDIA GeForce RTX 2080 Ti,llama-1b,meta-llama/Llama-3.2-1B-Instruct,bfloat16,2026-08-02T08:03:10,inference,84,0.5205095577985048,24,
2080,NVIDIA GeForce RTX 2080 Ti,llama-1b,meta-llama/Llama-3.2-1B-Instruct,bfloat16,2026-08-02T08:03:10,inference,85,0.5199848311021924,24,
2080,NVIDIA GeForce RTX 2080 Ti,llama-1b,meta-llama/Llama-3.2-1B-Instruct,bfloat16,2026-08-02T08:03:10,inference,86,0.5205938736908138,24,
2080,NVIDIA GeForce RTX 2080 Ti,llama-1b,meta-llama/Llama-3.2-1B-Instruct,bfloat16,2026-08-02T08:03:10,inference,87,0.5228767022490501,24,
2080,NVIDIA GeForce RTX 2080 Ti,llama-1b,meta-llama/Llama-3.2-1B-Instruct,bfloat16,2026-08-02T08:03:10,inference,88,0.5223321570083499,24,
2080,NVIDIA GeForce RTX 2080 Ti,llama-1b,meta-llama/Llama-3.2-1B-Instruct,bfloat16,2026-08-02T08:03:10,inference,89,0.5199314439669251,24,
2080,NVIDIA GeForce RTX 2080 Ti,llama-1b,meta-llama/Llama-3.2-1B-Instruct,bfloat16,2026-08-02T08:03:10,inference,90,0.522301206830889,24,
2080,NVIDIA GeForce RTX 2080 Ti,llama-1b,meta-llama/Llama-3.2-1B-Instruct,bfloat16,2026-08-02T08:03:10,inference,91,0.5208208686672151,24,
2080,NVIDIA GeForce RTX 2080 Ti,llama-1b,meta-llama/Llama-3.2-1B-Instruct,bfloat16,2026-08-02T08:03:10,inference,92,0.5209130099974573,24,
2080,NVIDIA GeForce RTX 2080 Ti,llama-1b,meta-llama/Llama-3.2-1B-Instruct,bfloat16,2026-08-02T08:03:10,inference,93,0.5208837948739529,24,
2080,NVIDIA GeForce RTX 2080 Ti,llama-1b,meta-llama/Llama-3.2-1B-Instruct,bfloat16,2026-08-02T08:03:10,inference,94,0.5212943595834076,24,
2080,NVIDIA GeForce RTX 2080 Ti,llama-1b,meta-llama/Llama-3.2-1B-Instruct,bfloat16,2026-08-02T08:03:10,inference,95,0.520447778981179,24,
2080,NVIDIA GeForce RTX 2080 Ti,llama-1b,meta-llama/Llama-3.2-1B-Instruct,bfloat16,2026-08-02T08:03:10,inference,96,0.5215573236346245,24,
2080,NVIDIA GeForce RTX 2080 Ti,llama-1b,meta-llama/Llama-3.2-1B-Instruct,bfloat16,2026-08-02T08:03:10,inference,97,0.5210967278108001,24,
2080,NVIDIA GeForce RTX 2080 Ti,llama-1b,meta-llama/Llama-3.2-1B-Instruct,bfloat16,2026-08-02T08:03:10,inference,98,0.5230004442855716,24,
2080,NVIDIA GeForce RTX 2080 Ti,llama-1b,meta-llama/Llama-3.2-1B-Instruct,bfloat16,2026-08-02T08:03:10,inference,99,0.5206505269743502,24,
2080,NVIDIA GeForce RTX 2080 Ti,llama-3b,meta-llama/Llama-3.2-3B-Instruct,bfloat16,2026-08-02T08:03:10,load,0,4.47858631471172,0,
2080,NVIDIA GeForce RTX 2080 Ti,llama-3b,meta-llama/Llama-3.2-3B-Instruct,bfloat16,2026-08-02T08:03:10,load,1,4.315220513846725,0,
2080,NVIDIA GeForce RTX 2080 Ti,llama-3b,meta-llama/Llama-3.2-3B-Instruct,bfloat16,2026-08-02T08:03:10,load,2,4.416946097742766,0,
2080,NVIDIA GeForce RTX 2080 Ti,llama-3b,meta-llama/Llama-3.2-3B-Instruct,bfloat16,2026-08-02T08:03:10,load,3,4.249546166975051,0,
2080,NVIDIA GeForce RTX 2080 Ti,llama-3b,meta-llama/Llama-3.2-3B-Instruct,bfloat16,2026-08-02T08:03:10,load,4,4.286500038113445,0,
2080,NVIDIA GeForce RTX 2080 Ti,llama-3b,meta-llama/Llama-3.2-3B-Instruct,bfloat16,2026-08-02T08:03:10,load,5,4.2716396460309625,0,
2080,NVIDIA GeForce RTX 2080 Ti,llama-3b,meta-llama/Llama-3.2-3B-Instruct,bfloat16,2026-08-02T08:03:10,load,6,4.268109516706318,0,
2080,NVIDIA GeForce RTX 2080 Ti,llama-3b,meta-llama/Llama-3.2-3B-Instruct,bfloat16,2026-08-02T08:03:10,load,7,4.268035972956568,0,
2080,NVIDIA GeForce RTX 2080 Ti,llama-3b,meta-llama/Llama-3.2-3B-Instruct,bfloat16,2026-08-02T08:03:10,load,8,4.273437683004886,0,
2080,NVIDIA GeForce RTX 2080 Ti,llama-3b,meta-llama/Llama-3.2-3B-Instruct,bfloat16,2026-08-02T08:03:10,load,9,4.256229316815734,0,
2080,NVIDIA GeForce RTX 2080 Ti,llama-3b,meta-llama/Llama-3.2-3B-Instruct,bfloat16,2026-08-02T08:03:10,load,10,4.28525942703709,0,
2080,NVIDIA GeForce RTX 2080 Ti,llama-3b,meta-llama/Llama-3.2-3B-Instruct,bfloat16,2026-08-02T08:03:10,load,11,4.277509472332895,0,
2080,NVIDIA GeForce RTX 2080 Ti,llama-3b,meta-llama/Llama-3.2-3B-Instruct,bfloat16,2026-08-02T08:03:10,load,12,4.3474106206558645,0,
2080,NVIDIA GeForce RTX 2080 Ti,llama-3b,meta-llama/Llama-3.2-3B-Instruct,bfloat16,2026-08-02T08:03:10,load,13,4.2805692963302135,0,
2080,NVIDIA GeForce RTX 2080 Ti,llama-3b,meta-llama/Llama-3.2-3B-Instruct,bfloat16,2026-08-02T08:03:10,load,14,4.3338392758741975,0,
2080,NVIDIA GeForce RTX 2080 Ti,llama-3b,meta-llama/Llama-3.2-3B-Instruct,bfloat16,2026-08-02T08:03:10,load,15,7.643628442659974,0,
2080,NVIDIA GeForce RTX 2080 Ti,llama-3b,meta-llama/Llama-3.2-3B-Instruct,bfloat16,2026-08-02T08:03:10,load,16,4.328981049824506,0,
2080,NVIDIA GeForce RTX 2080 Ti,llama-3b,meta-llama/Llama-3.2-3B-Instruct,bfloat16,2026-08-02T08:03:10,load,17,4.269166542217135,0,
2080,NVIDIA GeForce RTX 2080 Ti,llama-3b,meta-llama/Llama-3.2-3B-Instruct,bfloat16,2026-08-02T08:03:10,load,18,4.300378295127302,0,
2080,NVIDIA GeForce RTX 2080 Ti,llama-3b,meta-llama/Llama-3.2-3B-Instruct,bfloat16,2026-08-02T08:03:10,load,19,4.295200599823147,0,
2080,NVIDIA GeForce RTX 2080 Ti,llama-3b,meta-llama/Llama-3.2-3B-Instruct,bfloat16,2026-08-02T08:03:10,load,20,4.288429149892181,0,
2080,NVIDIA GeForce RTX 2080 Ti,llama-3b,meta-llama/Llama-3.2-3B-Instruct,bfloat16,2026-08-02T08:03:10,load,21,4.263683269266039,0,
2080,NVIDIA GeForce RTX 2080 Ti,llama-3b,meta-llama/Llama-3.2-3B-Instruct,bfloat16,2026-08-02T08:03:10,load,22,4.34685935638845,0,
2080,NVIDIA GeForce RTX 2080 Ti,llama-3b,meta-llama/Llama-3.2-3B-Instruct,bfloat16,2026-08-02T08:03:10,load,23,4.28858059970662,0,
2080,NVIDIA GeForce RTX 2080 Ti,llama-3b,meta-llama/Llama-3.2-3B-Instruct,bfloat16,2026-08-02T08:03:10,load,24,4.306075466796756,0,
2080,NVIDIA GeForce RTX 2080 Ti,llama-3b,meta-llama/Llama-3.2-3B-Instruct,bfloat16,2026-08-02T08:03:10,load,25,4.287007519043982,0,
2080,NVIDIA GeForce RTX 2080 Ti,llama-3b,meta-llama/Llama-3.2-3B-Instruct,bfloat16,2026-08-02T08:03:10,load,26,4.2699183649383485,0,
2080,NVIDIA GeForce RTX 2080 Ti,llama-3b,meta-llama/Llama-3.2-3B-Instruct,bfloat16,2026-08-02T08:03:10,load,27,4.272398473229259,0,
2080,NVIDIA GeForce RTX 2080 Ti,llama-3b,meta-llama/Llama-3.2-3B-Instruct,bfloat16,2026-08-02T08:03:10,load,28,4.2771420776844025,0,
2080,NVIDIA GeForce RTX 2080 Ti,llama-3b,meta-llama/Llama-3.2-3B-Instruct,bfloat16,2026-08-02T08:03:10,load,29,4.252679482102394,0,
2080,NVIDIA GeForce RTX 2080 Ti,llama-3b,meta-llama/Llama-3.2-3B-Instruct,bfloat16,2026-08-02T08:03:10,load,30,4.250038569327444,0,
2080,NVIDIA GeForce RTX 2080 Ti,llama-3b,meta-llama/Llama-3.2-3B-Instruct,bfloat16,2026-08-02T08:03:10,load,31,4.268562235869467,0,
2080,NVIDIA GeForce RTX 2080 Ti,llama-3b,meta-llama/Llama-3.2-3B-Instruct,bfloat16,2026-08-02T08:03:10,load,32,4.257620157673955,0,
2080,NVIDIA GeForce RTX 2080 Ti,llama-3b,meta-llama/Llama-3.2-3B-Instruct,bfloat16,2026-08-02T08:03:10,load,33,4.305131304077804,0,
2080,NVIDIA GeForce RTX 2080 Ti,llama-3b,meta-llama/Llama-3.2-3B-Instruct,bfloat16,2026-08-02T08:03:10,load,34,4.261804262176156,0,
2080,NVIDIA GeForce RTX 2080 Ti,llama-3b,meta-llama/Llama-3.2-3B-Instruct,bfloat16,2026-08-02T08:03:10,load,35,4.260034200269729,0,
2080,NVIDIA GeForce RTX 2080 Ti,llama-3b,meta-llama/Llama-3.2-3B-Instruct,bfloat16,2026-08-02T08:03:10,load,36,4.33186747925356,0,
2080,NVIDIA GeForce RTX 2080 Ti,llama-3b,meta-llama/Llama-3.2-3B-Instruct,bfloat16,2026-08-02T08:03:10,load,37,4.317444148939103,0,
2080,NVIDIA GeForce RTX 2080 Ti,llama-3b,meta-llama/Llama-3.2-3B-Instruct,bfloat16,2026-08-02T08:03:10,load,38,4.307909028138965,0,
2080,NVIDIA GeForce RTX 2080 Ti,llama-3b,meta-llama/Llama-3.2-3B-Instruct,bfloat16,2026-08-02T08:03:10,load,39,4.2997666439041495,0,
2080,NVIDIA GeForce RTX 2080 Ti,llama-3b,meta-llama/Llama-3.2-3B-Instruct,bfloat16,2026-08-02T08:03:10,load,40,4.299473352730274,0,
2080,NVIDIA GeForce RTX 2080 Ti,llama-3b,meta-llama/Llama-3.2-3B-Instruct,bfloat16,2026-08-02T08:03:10,load,41,4.313039297703654,0,
2080,NVIDIA GeForce RTX 2080 Ti,llama-3b,meta-llama/Llama-3.2-3B-Instruct,bfloat16,2026-08-02T08:03:10,load,42,4.278987941797823,0,
2080,NVIDIA GeForce RTX 2080 Ti,llama-3b,meta-llama/Llama-3.2-3B-Instruct,bfloat16,2026-08-02T08:03:10,load,43,4.285414448939264,0,
2080,NVIDIA GeForce RTX 2080 Ti,llama-3b,meta-llama/Llama-3.2-3B-Instruct,bfloat16,2026-08-02T08:03:10,load,44,4.279516303911805,0,
2080,NVIDIA GeForce RTX 2080 Ti,llama-3b,meta-llama/Llama-3.2-3B-Instruct,bfloat16,2026-08-02T08:03:10,load,45,4.334037630818784,0,
2080,NVIDIA GeForce RTX 2080 Ti,llama-3b,meta-llama/Llama-3.2-3B-Instruct,bfloat16,2026-08-02T08:03:10,load,46,4.27373737283051,0,
2080,NVIDIA GeForce RTX 2080 Ti,llama-3b,meta-llama/Llama-3.2-3B-Instruct,bfloat16,2026-08-02T08:03:10,load,47,4.386068676132709,0,
2080,NVIDIA GeForce RTX 2080 Ti,llama-3b,meta-llama/Llama-3.2-3B-Instruct,bfloat16,2026-08-02T08:03:10,load,48,4.3229125291109085,0,
2080,NVIDIA GeForce RTX 2080 Ti,llama-3b,meta-llama/Llama-3.2-3B-Instruct,bfloat16,2026-08-02T08:03:10,load,49,4.288806142285466,0,
2080,NVIDIA GeForce RTX 2080 Ti,llama-3b,meta-llama/Llama-3.2-3B-Instruct,bfloat16,2026-08-02T08:03:10,load,50,4.362209023907781,0,
2080,NVIDIA GeForce RTX 2080 Ti,llama-3b,meta-llama/Llama-3.2-3B-Instruct,bfloat16,2026-08-02T08:03:10,load,51,4.29517677007243,0,
2080,NVIDIA GeForce RTX 2080 Ti,llama-3b,meta-llama/Llama-3.2-3B-Instruct,bfloat16,2026-08-02T08:03:10,load,52,4.282215712126344,0,
2080,NVIDIA GeForce RTX 2080 Ti,llama-3b,meta-llama/Llama-3.2-3B-Instruct,bfloat16,2026-08-02T08:03:10,load,53,4.298005557153374,0,
2080,NVIDIA GeForce RTX 2080 Ti,llama-3b,meta-llama/Llama-3.2-3B-Instruct,bfloat16,2026-08-02T08:03:10,load,54,4.263808330986649,0,
2080,NVIDIA GeForce RTX 2080 Ti,llama-3b,meta-llama/Llama-3.2-3B-Instruct,bfloat16,2026-08-02T08:03:10,load,55,4.28521748399362,0,
2080,NVIDIA GeForce RTX 2080 Ti,llama-3b,meta-llama/Llama-3.2-3B-Instruct,bfloat16,2026-08-02T08:03:10,load,56,4.265998737886548,0,
2080,NVIDIA GeForce RTX 2080 Ti,llama-3b,meta-llama/Llama-3.2-3B-Instruct,bfloat16,2026-08-02T08:03:10,load,57,4.27729685138911,0,
2080,NVIDIA GeForce RTX 2080 Ti,llama-3b,meta-llama/Llama-3.2-3B-Instruct,bfloat16,2026-08-02T08:03:10,load,58,4.299521517008543,0,
2080,NVIDIA GeForce RTX 2080 Ti,llama-3b,meta-llama/Llama-3.2-3B-Instruct,bfloat16,2026-08-02T08:03:10,load,59,4.282293031923473,0,
2080,NVIDIA GeForce RTX 2080 Ti,llama-3b,meta-llama/Llama-3.2-3B-Instruct,bfloat16,2026-08-02T08:03:10,load,60,4.279077582992613,0,
2080,NVIDIA GeForce RTX 2080 Ti,llama-3b,meta-llama/Llama-3.2-3B-Instruct,bfloat16,2026-08-02T08:03:10,load,61,4.317932145670056,0,
2080,NVIDIA GeForce RTX 2080 Ti,llama-3b,meta-llama/Llama-3.2-3B-Instruct,bfloat16,2026-08-02T08:03:10,load,62,4.267158493865281,0,
2080,NVIDIA GeForce RTX 2080 Ti,llama-3b,meta-llama/Llama-3.2-3B-Instruct,bfloat16,2026-08-02T08:03:10,load,63,4.294378187973052,0,
2080,NVIDIA GeForce RTX 2080 Ti,llama-3b,meta-llama/Llama-3.2-3B-Instruct,bfloat16,2026-08-02T08:03:10,load,64,4.308188839815557,0,
2080,NVIDIA GeForce RTX 2080 Ti,llama-3b,meta-llama/Llama-3.2-3B-Instruct,bfloat16,2026-08-02T08:03:10,load,65,4.444818689022213,0,
2080,NVIDIA GeForce RTX 2080 Ti,llama-3b,meta-llama/Llama-3.2-3B-Instruct,bfloat16,2026-08-02T08:03:10,load,66,4.295417605899274,0,
2080,NVIDIA GeForce RTX 2080 Ti,llama-3b,meta-llama/Llama-3.2-3B-Instruct,bfloat16,2026-08-02T08:03:10,load,67,4.329341133125126,0,
2080,NVIDIA GeForce RTX 2080 Ti,llama-3b,meta-llama/Llama-3.2-3B-Instruct,bfloat16,2026-08-02T08:03:10,load,68,4.256536923814565,0,
2080,NVIDIA GeForce RTX 2080 Ti,llama-3b,meta-llama/Llama-3.2-3B-Instruct,bfloat16,2026-08-02T08:03:10,load,69,4.28559918096289,0,
2080,NVIDIA GeForce RTX 2080 Ti,llama-3b,meta-llama/Llama-3.2-3B-Instruct,bfloat16,2026-08-02T08:03:10,load,70,4.266133688855916,0,
2080,NVIDIA GeForce RTX 2080 Ti,llama-3b,meta-llama/Llama-3.2-3B-Instruct,bfloat16,2026-08-02T08:03:10,load,71,4.270848356187344,0,
2080,NVIDIA GeForce RTX 2080 Ti,llama-3b,meta-llama/Llama-3.2-3B-Instruct,bfloat16,2026-08-02T08:03:10,load,72,4.369563886895776,0,
2080,NVIDIA GeForce RTX 2080 Ti,llama-3b,meta-llama/Llama-3.2-3B-Instruct,bfloat16,2026-08-02T08:03:10,load,73,4.34148481907323,0,
2080,NVIDIA GeForce RTX 2080 Ti,llama-3b,meta-llama/Llama-3.2-3B-Instruct,bfloat16,2026-08-02T08:03:10,load,74,4.33314647898078,0,
2080,NVIDIA GeForce RTX 2080 Ti,llama-3b,meta-llama/Llama-3.2-3B-Instruct,bfloat16,2026-08-02T08:03:10,load,75,4.288994478993118,0,
2080,NVIDIA GeForce RTX 2080 Ti,llama-3b,meta-llama/Llama-3.2-3B-Instruct,bfloat16,2026-08-02T08:03:10,load,76,4.253406877163798,0,
2080,NVIDIA GeForce RTX 2080 Ti,llama-3b,meta-llama/Llama-3.2-3B-Instruct,bfloat16,2026-08-02T08:03:10,load,77,4.3133707800880075,0,
2080,NVIDIA GeForce RTX 2080 Ti,llama-3b,meta-llama/Llama-3.2-3B-Instruct,bfloat16,2026-08-02T08:03:10,load,78,4.249824958853424,0,
2080,NVIDIA GeForce RTX 2080 Ti,llama-3b,meta-llama/Llama-3.2-3B-Instruct,bfloat16,2026-08-02T08:03:10,load,79,4.241613778285682,0,
2080,NVIDIA GeForce RTX 2080 Ti,llama-3b,meta-llama/Llama-3.2-3B-Instruct,bfloat16,2026-08-02T08:03:10,load,80,4.279829586856067,0,
2080,NVIDIA GeForce RTX 2080 Ti,llama-3b,meta-llama/Llama-3.2-3B-Instruct,bfloat16,2026-08-02T08:03:10,load,81,4.286459271796048,0,
2080,NVIDIA GeForce RTX 2080 Ti,llama-3b,meta-llama/Llama-3.2-3B-Instruct,bfloat16,2026-08-02T08:03:10,load,82,4.392634266987443,0,
2080,NVIDIA GeForce RTX 2080 Ti,llama-3b,meta-llama/Llama-3.2-3B-Instruct,bfloat16,2026-08-02T08:03:10,load,83,4.319990575779229,0,
2080,NVIDIA GeForce RTX 2080 Ti,llama-3b,meta-llama/Llama-3.2-3B-Instruct,bfloat16,2026-08-02T08:03:10,load,84,4.327160343993455,0,
2080,NVIDIA GeForce RTX 2080 Ti,llama-3b,meta-llama/Llama-3.2-3B-Instruct,bfloat16,2026-08-02T08:03:10,load,85,4.299719546921551,0,
2080,NVIDIA GeForce RTX 2080 Ti,llama-3b,meta-llama/Llama-3.2-3B-Instruct,bfloat16,2026-08-02T08:03:10,load,86,4.275068684946746,0,
2080,NVIDIA GeForce RTX 2080 Ti,llama-3b,meta-llama/Llama-3.2-3B-Instruct,bfloat16,2026-08-02T08:03:10,load,87,4.355628946330398,0,
2080,NVIDIA GeForce RTX 2080 Ti,llama-3b,meta-llama/Llama-3.2-3B-Instruct,bfloat16,2026-08-02T08:03:10,load,88,4.293699528090656,0,
2080,NVIDIA GeForce RTX 2080 Ti,llama-3b,meta-llama/Llama-3.2-3B-Instruct,bfloat16,2026-08-02T08:03:10,load,89,4.2784005659632385,0,
2080,NVIDIA GeForce RTX 2080 Ti,llama-3b,meta-llama/Llama-3.2-3B-Instruct,bfloat16,2026-08-02T08:03:10,load,90,4.383217847906053,0,
2080,NVIDIA GeForce RTX 2080 Ti,llama-3b,meta-llama/Llama-3.2-3B-Instruct,bfloat16,2026-08-02T08:03:10,load,91,4.325080130249262,0,
2080,NVIDIA GeForce RTX 2080 Ti,llama-3b,meta-llama/Llama-3.2-3B-Instruct,bfloat16,2026-08-02T08:03:10,load,92,4.2839252459816635,0,
2080,NVIDIA GeForce RTX 2080 Ti,llama-3b,meta-llama/Llama-3.2-3B-Instruct,bfloat16,2026-08-02T08:03:10,load,93,4.304597151931375,0,
2080,NVIDIA GeForce RTX 2080 Ti,llama-3b,meta-llama/Llama-3.2-3B-Instruct,bfloat16,2026-08-02T08:03:10,load,94,4.274743610061705,0,
2080,NVIDIA GeForce RTX 2080 Ti,llama-3b,meta-llama/Llama-3.2-3B-Instruct,bfloat16,2026-08-02T08:03:10,load,95,4.298529820051044,0,
2080,NVIDIA GeForce RTX 2080 Ti,llama-3b,meta-llama/Llama-3.2-3B-Instruct,bfloat16,2026-08-02T08:03:10,load,96,4.334672085940838,0,
2080,NVIDIA GeForce RTX 2080 Ti,llama-3b,meta-llama/Llama-3.2-3B-Instruct,bfloat16,2026-08-02T08:03:10,load,97,4.32047521090135,0,
2080,NVIDIA GeForce RTX 2080 Ti,llama-3b,meta-llama/Llama-3.2-3B-Instruct,bfloat16,2026-08-02T08:03:10,load,98,4.249731159768999,0,
2080,NVIDIA GeForce RTX 2080 Ti,llama-3b,meta-llama/Llama-3.2-3B-Instruct,bfloat16,2026-08-02T08:03:10,load,99,4.30794981867075,0,
2080,NVIDIA GeForce RTX 2080 Ti,llama-3b,meta-llama/Llama-3.2-3B-Instruct,bfloat16,2026-08-02T08:03:10,inference,0,0.9399728351272643,24,
2080,NVIDIA GeForce RTX 2080 Ti,llama-3b,meta-llama/Llama-3.2-3B-Instruct,bfloat16,2026-08-02T08:03:10,inference,1,0.9410190880298615,24,
2080,NVIDIA GeForce RTX 2080 Ti,llama-3b,meta-llama/Llama-3.2-3B-Instruct,bfloat16,2026-08-02T08:03:10,inference,2,0.9419806962832808,24,
2080,NVIDIA GeForce RTX 2080 Ti,llama-3b,meta-llama/Llama-3.2-3B-Instruct,bfloat16,2026-08-02T08:03:10,inference,3,0.9402873879298568,24,
2080,NVIDIA GeForce RTX 2080 Ti,llama-3b,meta-llama/Llama-3.2-3B-Instruct,bfloat16,2026-08-02T08:03:10,inference,4,0.9412049963138998,24,
2080,NVIDIA GeForce RTX 2080 Ti,llama-3b,meta-llama/Llama-3.2-3B-Instruct,bfloat16,2026-08-02T08:03:10,inference,5,0.9426151812076569,24,
2080,NVIDIA GeForce RTX 2080 Ti,llama-3b,meta-llama/Llama-3.2-3B-Instruct,bfloat16,2026-08-02T08:03:10,inference,6,0.9426881982944906,24,
2080,NVIDIA GeForce RTX 2080 Ti,llama-3b,meta-llama/Llama-3.2-3B-Instruct,bfloat16,2026-08-02T08:03:10,inference,7,0.9411345599219203,24,
2080,NVIDIA GeForce RTX 2080 Ti,llama-3b,meta-llama/Llama-3.2-3B-Instruct,bfloat16,2026-08-02T08:03:10,inference,8,0.9489893233403563,24,
2080,NVIDIA GeForce RTX 2080 Ti,llama-3b,meta-llama/Llama-3.2-3B-Instruct,bfloat16,2026-08-02T08:03:10,inference,9,0.943117112852633,24,
2080,NVIDIA GeForce RTX 2080 Ti,llama-3b,meta-llama/Llama-3.2-3B-Instruct,bfloat16,2026-08-02T08:03:10,inference,10,0.94377585593611,24,
2080,NVIDIA GeForce RTX 2080 Ti,llama-3b,meta-llama/Llama-3.2-3B-Instruct,bfloat16,2026-08-02T08:03:10,inference,11,0.9437041240744293,24,
2080,NVIDIA GeForce RTX 2080 Ti,llama-3b,meta-llama/Llama-3.2-3B-Instruct,bfloat16,2026-08-02T08:03:10,inference,12,0.9446506518870592,24,
2080,NVIDIA GeForce RTX 2080 Ti,llama-3b,meta-llama/Llama-3.2-3B-Instruct,bfloat16,2026-08-02T08:03:10,inference,13,0.9431035784073174,24,
2080,NVIDIA GeForce RTX 2080 Ti,llama-3b,meta-llama/Llama-3.2-3B-Instruct,bfloat16,2026-08-02T08:03:10,inference,14,0.944351308979094,24,
2080,NVIDIA GeForce RTX 2080 Ti,llama-3b,meta-llama/Llama-3.2-3B-Instruct,bfloat16,2026-08-02T08:03:10,inference,15,0.9480388541705906,24,
2080,NVIDIA GeForce RTX 2080 Ti,llama-3b,meta-llama/Llama-3.2-3B-Instruct,bfloat16,2026-08-02T08:03:10,inference,16,0.9326430768705904,24,
2080,NVIDIA GeForce RTX 2080 Ti,llama-3b,meta-llama/Llama-3.2-3B-Instruct,bfloat16,2026-08-02T08:03:10,inference,17,0.9433412170037627,24,
2080,NVIDIA GeForce RTX 2080 Ti,llama-3b,meta-llama/Llama-3.2-3B-Instruct,bfloat16,2026-08-02T08:03:10,inference,18,0.9445978859439492,24,
2080,NVIDIA GeForce RTX 2080 Ti,llama-3b,meta-llama/Llama-3.2-3B-Instruct,bfloat16,2026-08-02T08:03:10,inference,19,0.9477429171092808,24,
2080,NVIDIA GeForce RTX 2080 Ti,llama-3b,meta-llama/Llama-3.2-3B-Instruct,bfloat16,2026-08-02T08:03:10,inference,20,0.9499298632144928,24,
2080,NVIDIA GeForce RTX 2080 Ti,llama-3b,meta-llama/Llama-3.2-3B-Instruct,bfloat16,2026-08-02T08:03:10,inference,21,0.9447944536805153,24,
2080,NVIDIA GeForce RTX 2080 Ti,llama-3b,meta-llama/Llama-3.2-3B-Instruct,bfloat16,2026-08-02T08:03:10,inference,22,0.9461209601722658,24,
2080,NVIDIA GeForce RTX 2080 Ti,llama-3b,meta-llama/Llama-3.2-3B-Instruct,bfloat16,2026-08-02T08:03:10,inference,23,0.9441255279816687,24,
2080,NVIDIA GeForce RTX 2080 Ti,llama-3b,meta-llama/Llama-3.2-3B-Instruct,bfloat16,2026-08-02T08:03:10,inference,24,0.944794415961951,24,
2080,NVIDIA GeForce RTX 2080 Ti,llama-3b,meta-llama/Llama-3.2-3B-Instruct,bfloat16,2026-08-02T08:03:10,inference,25,0.9453233410604298,24,
2080,NVIDIA GeForce RTX 2080 Ti,llama-3b,meta-llama/Llama-3.2-3B-Instruct,bfloat16,2026-08-02T08:03:10,inference,26,0.9453528793528676,24,
2080,NVIDIA GeForce RTX 2080 Ti,llama-3b,meta-llama/Llama-3.2-3B-Instruct,bfloat16,2026-08-02T08:03:10,inference,27,0.9451233800500631,24,
2080,NVIDIA GeForce RTX 2080 Ti,llama-3b,meta-llama/Llama-3.2-3B-Instruct,bfloat16,2026-08-02T08:03:10,inference,28,0.9503190000541508,24,
2080,NVIDIA GeForce RTX 2080 Ti,llama-3b,meta-llama/Llama-3.2-3B-Instruct,bfloat16,2026-08-02T08:03:10,inference,29,0.9505269890651107,24,
2080,NVIDIA GeForce RTX 2080 Ti,llama-3b,meta-llama/Llama-3.2-3B-Instruct,bfloat16,2026-08-02T08:03:10,inference,30,0.9482452138327062,24,
2080,NVIDIA GeForce RTX 2080 Ti,llama-3b,meta-llama/Llama-3.2-3B-Instruct,bfloat16,2026-08-02T08:03:10,inference,31,0.9477575249038637,24,
2080,NVIDIA GeForce RTX 2080 Ti,llama-3b,meta-llama/Llama-3.2-3B-Instruct,bfloat16,2026-08-02T08:03:10,inference,32,0.9440259980037808,24,
2080,NVIDIA GeForce RTX 2080 Ti,llama-3b,meta-llama/Llama-3.2-3B-Instruct,bfloat16,2026-08-02T08:03:10,inference,33,0.9446975728496909,24,
2080,NVIDIA GeForce RTX 2080 Ti,llama-3b,meta-llama/Llama-3.2-3B-Instruct,bfloat16,2026-08-02T08:03:10,inference,34,0.9442420531995595,24,
2080,NVIDIA GeForce RTX 2080 Ti,llama-3b,meta-llama/Llama-3.2-3B-Instruct,bfloat16,2026-08-02T08:03:10,inference,35,0.9452198203653097,24,
2080,NVIDIA GeForce RTX 2080 Ti,llama-3b,meta-llama/Llama-3.2-3B-Instruct,bfloat16,2026-08-02T08:03:10,inference,36,0.9365757708437741,24,
2080,NVIDIA GeForce RTX 2080 Ti,llama-3b,meta-llama/Llama-3.2-3B-Instruct,bfloat16,2026-08-02T08:03:10,inference,37,0.9482925347983837,24,
2080,NVIDIA GeForce RTX 2080 Ti,llama-3b,meta-llama/Llama-3.2-3B-Instruct,bfloat16,2026-08-02T08:03:10,inference,38,0.9482869207859039,24,
2080,NVIDIA GeForce RTX 2080 Ti,llama-3b,meta-llama/Llama-3.2-3B-Instruct,bfloat16,2026-08-02T08:03:10,inference,39,0.948233769275248,24,
2080,NVIDIA GeForce RTX 2080 Ti,llama-3b,meta-llama/Llama-3.2-3B-Instruct,bfloat16,2026-08-02T08:03:10,inference,40,0.9482473959214985,24,
2080,NVIDIA GeForce RTX 2080 Ti,llama-3b,meta-llama/Llama-3.2-3B-Instruct,bfloat16,2026-08-02T08:03:10,inference,41,0.9509073421359062,24,
2080,NVIDIA GeForce RTX 2080 Ti,llama-3b,meta-llama/Llama-3.2-3B-Instruct,bfloat16,2026-08-02T08:03:10,inference,42,0.9485278846696019,24,
2080,NVIDIA GeForce RTX 2080 Ti,llama-3b,meta-llama/Llama-3.2-3B-Instruct,bfloat16,2026-08-02T08:03:10,inference,43,0.944577045738697,24,
2080,NVIDIA GeForce RTX 2080 Ti,llama-3b,meta-llama/Llama-3.2-3B-Instruct,bfloat16,2026-08-02T08:03:10,inference,44,0.9510194300673902,24,
2080,NVIDIA GeForce RTX 2080 Ti,llama-3b,meta-llama/Llama-3.2-3B-Instruct,bfloat16,2026-08-02T08:03:10,inference,45,0.9507696842774749,24,
2080,NVIDIA GeForce RTX 2080 Ti,llama-3b,meta-llama/Llama-3.2-3B-Instruct,bfloat16,2026-08-02T08:03:10,inference,46,0.9527920568361878,24,
2080,NVIDIA GeForce RTX 2080 Ti,llama-3b,meta-llama/Llama-3.2-3B-Instruct,bfloat16,2026-08-02T08:03:10,inference,47,0.9538874947465956,24,
2080,NVIDIA GeForce RTX 2080 Ti,llama-3b,meta-llama/Llama-3.2-3B-Instruct,bfloat16,2026-08-02T08:03:10,inference,48,0.9503894820809364,24,
2080,NVIDIA GeForce RTX 2080 Ti,llama-3b,meta-llama/Llama-3.2-3B-Instruct,bfloat16,2026-08-02T08:03:10,inference,49,0.953786020167172,24,
2080,NVIDIA GeForce RTX 2080 Ti,llama-3b,meta-llama/Llama-3.2-3B-Instruct,bfloat16,2026-08-02T08:03:10,inference,50,0.9537579389289021,24,
2080,NVIDIA GeForce RTX 2080 Ti,llama-3b,meta-llama/Llama-3.2-3B-Instruct,bfloat16,2026-08-02T08:03:10,inference,51,0.9540056050755084,24,
2080,NVIDIA GeForce RTX 2080 Ti,llama-3b,meta-llama/Llama-3.2-3B-Instruct,bfloat16,2026-08-02T08:03:10,inference,52,0.9521782780066133,24,
2080,NVIDIA GeForce RTX 2080 Ti,llama-3b,meta-llama/Llama-3.2-3B-Instruct,bfloat16,2026-08-02T08:03:10,inference,53,0.9502995889633894,24,
2080,NVIDIA GeForce RTX 2080 Ti,llama-3b,meta-llama/Llama-3.2-3B-Instruct,bfloat16,2026-08-02T08:03:10,inference,54,0.9508579052053392,24,
2080,NVIDIA GeForce RTX 2080 Ti,llama-3b,meta-llama/Llama-3.2-3B-Instruct,bfloat16,2026-08-02T08:03:10,inference,55,0.9530839580111206,24,
2080,NVIDIA GeForce RTX 2080 Ti,llama-3b,meta-llama/Llama-3.2-3B-Instruct,bfloat16,2026-08-02T08:03:10,inference,56,0.9545333259738982,24,
2080,NVIDIA GeForce RTX 2080 Ti,llama-3b,meta-llama/Llama-3.2-3B-Instruct,bfloat16,2026-08-02T08:03:10,inference,57,0.9535821052268147,24,
2080,NVIDIA GeForce RTX 2080 Ti,llama-3b,meta-llama/Llama-3.2-3B-Instruct,bfloat16,2026-08-02T08:03:10,inference,58,0.9539217418059707,24,
2080,NVIDIA GeForce RTX 2080 Ti,llama-3b,meta-llama/Llama-3.2-3B-Instruct,bfloat16,2026-08-02T08:03:10,inference,59,0.9582903981208801,24,
2080,NVIDIA GeForce RTX 2080 Ti,llama-3b,meta-llama/Llama-3.2-3B-Instruct,bfloat16,2026-08-02T08:03:10,inference,60,0.9544562511146069,24,
2080,NVIDIA GeForce RTX 2080 Ti,llama-3b,meta-llama/Llama-3.2-3B-Instruct,bfloat16,2026-08-02T08:03:10,inference,61,0.9547190670855343,24,
2080,NVIDIA GeForce RTX 2080 Ti,llama-3b,meta-llama/Llama-3.2-3B-Instruct,bfloat16,2026-08-02T08:03:10,inference,62,0.9545473228208721,24,
2080,NVIDIA GeForce RTX 2080 Ti,llama-3b,meta-llama/Llama-3.2-3B-Instruct,bfloat16,2026-08-02T08:03:10,inference,63,0.9564284938387573,24,
2080,NVIDIA GeForce RTX 2080 Ti,llama-3b,meta-llama/Llama-3.2-3B-Instruct,bfloat16,2026-08-02T08:03:10,inference,64,0.952093631029129,24,
2080,NVIDIA GeForce RTX 2080 Ti,llama-3b,meta-llama/Llama-3.2-3B-Instruct,bfloat16,2026-08-02T08:03:10,inference,65,0.9552588392980397,24,
2080,NVIDIA GeForce RTX 2080 Ti,llama-3b,meta-llama/Llama-3.2-3B-Instruct,bfloat16,2026-08-02T08:03:10,inference,66,0.9558902117423713,24,
2080,NVIDIA GeForce RTX 2080 Ti,llama-3b,meta-llama/Llama-3.2-3B-Instruct,bfloat16,2026-08-02T08:03:10,inference,67,0.9528735871426761,24,
2080,NVIDIA GeForce RTX 2080 Ti,llama-3b,meta-llama/Llama-3.2-3B-Instruct,bfloat16,2026-08-02T08:03:10,inference,68,0.9557640394195914,24,
2080,NVIDIA GeForce RTX 2080 Ti,llama-3b,meta-llama/Llama-3.2-3B-Instruct,bfloat16,2026-08-02T08:03:10,inference,69,0.9526437288150191,24,
2080,NVIDIA GeForce RTX 2080 Ti,llama-3b,meta-llama/Llama-3.2-3B-Instruct,bfloat16,2026-08-02T08:03:10,inference,70,0.954263751860708,24,
2080,NVIDIA GeForce RTX 2080 Ti,llama-3b,meta-llama/Llama-3.2-3B-Instruct,bfloat16,2026-08-02T08:03:10,inference,71,0.9543704469688237,24,
2080,NVIDIA GeForce RTX 2080 Ti,llama-3b,meta-llama/Llama-3.2-3B-Instruct,bfloat16,2026-08-02T08:03:10,inference,72,0.9538246723823249,24,
2080,NVIDIA GeForce RTX 2080 Ti,llama-3b,meta-llama/Llama-3.2-3B-Instruct,bfloat16,2026-08-02T08:03:10,inference,73,0.9521508682519197,24,
2080,NVIDIA GeForce RTX 2080 Ti,llama-3b,meta-llama/Llama-3.2-3B-Instruct,bfloat16,2026-08-02T08:03:10,inference,74,0.953355710953474,24,
2080,NVIDIA GeForce RTX 2080 Ti,llama-3b,meta-llama/Llama-3.2-3B-Instruct,bfloat16,2026-08-02T08:03:10,inference,75,0.95957992086187,24,
2080,NVIDIA GeForce RTX 2080 Ti,llama-3b,meta-llama/Llama-3.2-3B-Instruct,bfloat16,2026-08-02T08:03:10,inference,76,0.9538929304108024,24,
2080,NVIDIA GeForce RTX 2080 Ti,llama-3b,meta-llama/Llama-3.2-3B-Instruct,bfloat16,2026-08-02T08:03:10,inference,77,0.9531631572172046,24,
2080,NVIDIA GeForce RTX 2080 Ti,llama-3b,meta-llama/Llama-3.2-3B-Instruct,bfloat16,2026-08-02T08:03:10,inference,78,0.9551610061898828,24,
2080,NVIDIA GeForce RTX 2080 Ti,llama-3b,meta-llama/Llama-3.2-3B-Instruct,bfloat16,2026-08-02T08:03:10,inference,79,0.9533613403327763,24,
2080,NVIDIA GeForce RTX 2080 Ti,llama-3b,meta-llama/Llama-3.2-3B-Instruct,bfloat16,2026-08-02T08:03:10,inference,80,0.9529319130815566,24,
2080,NVIDIA GeForce RTX 2080 Ti,llama-3b,meta-llama/Llama-3.2-3B-Instruct,bfloat16,2026-08-02T08:03:10,inference,81,0.9522466897033155,24,
2080,NVIDIA GeForce RTX 2080 Ti,llama-3b,meta-llama/Llama-3.2-3B-Instruct,bfloat16,2026-08-02T08:03:10,inference,82,0.9544761669822037,24,
2080,NVIDIA GeForce RTX 2080 Ti,llama-3b,meta-llama/Llama-3.2-3B-Instruct,bfloat16,2026-08-02T08:03:10,inference,83,0.9585056421346962,24,
2080,NVIDIA GeForce RTX 2080 Ti,llama-3b,meta-llama/Llama-3.2-3B-Instruct,bfloat16,2026-08-02T08:03:10,inference,84,0.9506054460071027,24,
2080,NVIDIA GeForce RTX 2080 Ti,llama-3b,meta-llama/Llama-3.2-3B-Instruct,bfloat16,2026-08-02T08:03:10,inference,85,0.9533125250600278,24,
2080,NVIDIA GeForce RTX 2080 Ti,llama-3b,meta-llama/Llama-3.2-3B-Instruct,bfloat16,2026-08-02T08:03:10,inference,86,0.950769716873765,24,
2080,NVIDIA GeForce RTX 2080 Ti,llama-3b,meta-llama/Llama-3.2-3B-Instruct,bfloat16,2026-08-02T08:03:10,inference,87,0.9513278850354254,24,
2080,NVIDIA GeForce RTX 2080 Ti,llama-3b,meta-llama/Llama-3.2-3B-Instruct,bfloat16,2026-08-02T08:03:10,inference,88,0.9627194167114794,24,
2080,NVIDIA GeForce RTX 2080 Ti,llama-3b,meta-llama/Llama-3.2-3B-Instruct,bfloat16,2026-08-02T08:03:10,inference,89,0.9542695549316704,24,
2080,NVIDIA GeForce RTX 2080 Ti,llama-3b,meta-llama/Llama-3.2-3B-Instruct,bfloat16,2026-08-02T08:03:10,inference,90,0.9529180997051299,24,
2080,NVIDIA GeForce RTX 2080 Ti,llama-3b,meta-llama/Llama-3.2-3B-Instruct,bfloat16,2026-08-02T08:03:10,inference,91,0.9605553089641035,24,
2080,NVIDIA GeForce RTX 2080 Ti,llama-3b,meta-llama/Llama-3.2-3B-Instruct,bfloat16,2026-08-02T08:03:10,inference,92,0.9546737116761506,24,
2080,NVIDIA GeForce RTX 2080 Ti,llama-3b,meta-llama/Llama-3.2-3B-Instruct,bfloat16,2026-08-02T08:03:10,inference,93,0.9537401641719043,24,
2080,NVIDIA GeForce RTX 2080 Ti,llama-3b,meta-llama/Llama-3.2-3B-Instruct,bfloat16,2026-08-02T08:03:10,inference,94,0.9563339073210955,24,
2080,NVIDIA GeForce RTX 2080 Ti,llama-3b,meta-llama/Llama-3.2-3B-Instruct,bfloat16,2026-08-02T08:03:10,inference,95,0.9559465707279742,24,
2080,NVIDIA GeForce RTX 2080 Ti,llama-3b,meta-llama/Llama-3.2-3B-Instruct,bfloat16,2026-08-02T08:03:10,inference,96,0.9560345229692757,24,
2080,NVIDIA GeForce RTX 2080 Ti,llama-3b,meta-llama/Llama-3.2-3B-Instruct,bfloat16,2026-08-02T08:03:10,inference,97,0.9511044332757592,24,
2080,NVIDIA GeForce RTX 2080 Ti,llama-3b,meta-llama/Llama-3.2-3B-Instruct,bfloat16,2026-08-02T08:03:10,inference,98,0.9516277806833386,24,
2080,NVIDIA GeForce RTX 2080 Ti,llama-3b,meta-llama/Llama-3.2-3B-Instruct,bfloat16,2026-08-02T08:03:10,inference,99,0.9515647012740374,24,
2080,NVIDIA GeForce RTX 2080 Ti,qwen-0.5b,Qwen/Qwen2.5-0.5B-Instruct,bfloat16,2026-08-02T08:03:10,load,0,1.4376339600421488,0,
2080,NVIDIA GeForce RTX 2080 Ti,qwen-0.5b,Qwen/Qwen2.5-0.5B-Instruct,bfloat16,2026-08-02T08:03:10,load,1,1.4028587518259883,0,
2080,NVIDIA GeForce RTX 2080 Ti,qwen-0.5b,Qwen/Qwen2.5-0.5B-Instruct,bfloat16,2026-08-02T08:03:10,load,2,1.3657611277885735,0,
2080,NVIDIA GeForce RTX 2080 Ti,qwen-0.5b,Qwen/Qwen2.5-0.5B-Instruct,bfloat16,2026-08-02T08:03:10,load,3,1.3963341717608273,0,
2080,NVIDIA GeForce RTX 2080 Ti,qwen-0.5b,Qwen/Qwen2.5-0.5B-Instruct,bfloat16,2026-08-02T08:03:10,load,4,1.4316889899782836,0,
2080,NVIDIA GeForce RTX 2080 Ti,qwen-0.5b,Qwen/Qwen2.5-0.5B-Instruct,bfloat16,2026-08-02T08:03:10,load,5,1.3669096119701862,0,
2080,NVIDIA GeForce RTX 2080 Ti,qwen-0.5b,Qwen/Qwen2.5-0.5B-Instruct,bfloat16,2026-08-02T08:03:10,load,6,1.414098178036511,0,
2080,NVIDIA GeForce RTX 2080 Ti,qwen-0.5b,Qwen/Qwen2.5-0.5B-Instruct,bfloat16,2026-08-02T08:03:10,load,7,1.3560299812816083,0,
2080,NVIDIA GeForce RTX 2080 Ti,qwen-0.5b,Qwen/Qwen2.5-0.5B-Instruct,bfloat16,2026-08-02T08:03:10,load,8,1.3585650781169534,0,
2080,NVIDIA GeForce RTX 2080 Ti,qwen-0.5b,Qwen/Qwen2.5-0.5B-Instruct,bfloat16,2026-08-02T08:03:10,load,9,1.3560580858029425,0,
2080,NVIDIA GeForce RTX 2080 Ti,qwen-0.5b,Qwen/Qwen2.5-0.5B-Instruct,bfloat16,2026-08-02T08:03:10,load,10,1.3247645269148052,0,
2080,NVIDIA GeForce RTX 2080 Ti,qwen-0.5b,Qwen/Qwen2.5-0.5B-Instruct,bfloat16,2026-08-02T08:03:10,load,11,1.4008435369469225,0,
2080,NVIDIA GeForce RTX 2080 Ti,qwen-0.5b,Qwen/Qwen2.5-0.5B-Instruct,bfloat16,2026-08-02T08:03:10,load,12,1.3674763850867748,0,
2080,NVIDIA GeForce RTX 2080 Ti,qwen-0.5b,Qwen/Qwen2.5-0.5B-Instruct,bfloat16,2026-08-02T08:03:10,load,13,1.4094670009799302,0,
2080,NVIDIA GeForce RTX 2080 Ti,qwen-0.5b,Qwen/Qwen2.5-0.5B-Instruct,bfloat16,2026-08-02T08:03:10,load,14,1.3305324148386717,0,
2080,NVIDIA GeForce RTX 2080 Ti,qwen-0.5b,Qwen/Qwen2.5-0.5B-Instruct,bfloat16,2026-08-02T08:03:10,load,15,1.3471920131705701,0,
2080,NVIDIA GeForce RTX 2080 Ti,qwen-0.5b,Qwen/Qwen2.5-0.5B-Instruct,bfloat16,2026-08-02T08:03:10,load,16,1.3156355759128928,0,
2080,NVIDIA GeForce RTX 2080 Ti,qwen-0.5b,Qwen/Qwen2.5-0.5B-Instruct,bfloat16,2026-08-02T08:03:10,load,17,1.3234866759739816,0,
2080,NVIDIA GeForce RTX 2080 Ti,qwen-0.5b,Qwen/Qwen2.5-0.5B-Instruct,bfloat16,2026-08-02T08:03:10,load,18,1.325890205334872,0,
2080,NVIDIA GeForce RTX 2080 Ti,qwen-0.5b,Qwen/Qwen2.5-0.5B-Instruct,bfloat16,2026-08-02T08:03:10,load,19,1.353019390720874,0,
2080,NVIDIA GeForce RTX 2080 Ti,qwen-0.5b,Qwen/Qwen2.5-0.5B-Instruct,bfloat16,2026-08-02T08:03:10,load,20,1.3327706260606647,0,
2080,NVIDIA GeForce RTX 2080 Ti,qwen-0.5b,Qwen/Qwen2.5-0.5B-Instruct,bfloat16,2026-08-02T08:03:10,load,21,1.3410551939159632,0,
2080,NVIDIA GeForce RTX 2080 Ti,qwen-0.5b,Qwen/Qwen2.5-0.5B-Instruct,bfloat16,2026-08-02T08:03:10,load,22,1.333066773135215,0,
2080,NVIDIA GeForce RTX 2080 Ti,qwen-0.5b,Qwen/Qwen2.5-0.5B-Instruct,bfloat16,2026-08-02T08:03:10,load,23,1.3200014038011432,0,
2080,NVIDIA GeForce RTX 2080 Ti,qwen-0.5b,Qwen/Qwen2.5-0.5B-Instruct,bfloat16,2026-08-02T08:03:10,load,24,1.3037752020172775,0,
2080,NVIDIA GeForce RTX 2080 Ti,qwen-0.5b,Qwen/Qwen2.5-0.5B-Instruct,bfloat16,2026-08-02T08:03:10,load,25,1.3194337589666247,0,
2080,NVIDIA GeForce RTX 2080 Ti,qwen-0.5b,Qwen/Qwen2.5-0.5B-Instruct,bfloat16,2026-08-02T08:03:10,load,26,1.303813232574612,0,
2080,NVIDIA GeForce RTX 2080 Ti,qwen-0.5b,Qwen/Qwen2.5-0.5B-Instruct,bfloat16,2026-08-02T08:03:10,load,27,1.3689403869211674,0,
2080,NVIDIA GeForce RTX 2080 Ti,qwen-0.5b,Qwen/Qwen2.5-0.5B-Instruct,bfloat16,2026-08-02T08:03:10,load,28,1.3302477458491921,0,
2080,NVIDIA GeForce RTX 2080 Ti,qwen-0.5b,Qwen/Qwen2.5-0.5B-Instruct,bfloat16,2026-08-02T08:03:10,load,29,1.3631476419977844,0,
2080,NVIDIA GeForce RTX 2080 Ti,qwen-0.5b,Qwen/Qwen2.5-0.5B-Instruct,bfloat16,2026-08-02T08:03:10,load,30,1.31368842208758,0,
2080,NVIDIA GeForce RTX 2080 Ti,qwen-0.5b,Qwen/Qwen2.5-0.5B-Instruct,bfloat16,2026-08-02T08:03:10,load,31,1.3423753883689642,0,
2080,NVIDIA GeForce RTX 2080 Ti,qwen-0.5b,Qwen/Qwen2.5-0.5B-Instruct,bfloat16,2026-08-02T08:03:10,load,32,1.3208415829576552,0,
2080,NVIDIA GeForce RTX 2080 Ti,qwen-0.5b,Qwen/Qwen2.5-0.5B-Instruct,bfloat16,2026-08-02T08:03:10,load,33,1.3843087530694902,0,
2080,NVIDIA GeForce RTX 2080 Ti,qwen-0.5b,Qwen/Qwen2.5-0.5B-Instruct,bfloat16,2026-08-02T08:03:10,load,34,1.3162380019202828,0,
2080,NVIDIA GeForce RTX 2080 Ti,qwen-0.5b,Qwen/Qwen2.5-0.5B-Instruct,bfloat16,2026-08-02T08:03:10,load,35,1.3756094379350543,0,
2080,NVIDIA GeForce RTX 2080 Ti,qwen-0.5b,Qwen/Qwen2.5-0.5B-Instruct,bfloat16,2026-08-02T08:03:10,load,36,1.3024048749357462,0,
2080,NVIDIA GeForce RTX 2080 Ti,qwen-0.5b,Qwen/Qwen2.5-0.5B-Instruct,bfloat16,2026-08-02T08:03:10,load,37,1.2990114809945226,0,
2080,NVIDIA GeForce RTX 2080 Ti,qwen-0.5b,Qwen/Qwen2.5-0.5B-Instruct,bfloat16,2026-08-02T08:03:10,load,38,1.341999044176191,0,
2080,NVIDIA GeForce RTX 2080 Ti,qwen-0.5b,Qwen/Qwen2.5-0.5B-Instruct,bfloat16,2026-08-02T08:03:10,load,39,1.3592970189638436,0,
2080,NVIDIA GeForce RTX 2080 Ti,qwen-0.5b,Qwen/Qwen2.5-0.5B-Instruct,bfloat16,2026-08-02T08:03:10,load,40,1.4091578740626574,0,
2080,NVIDIA GeForce RTX 2080 Ti,qwen-0.5b,Qwen/Qwen2.5-0.5B-Instruct,bfloat16,2026-08-02T08:03:10,load,41,1.360382230952382,0,
2080,NVIDIA GeForce RTX 2080 Ti,qwen-0.5b,Qwen/Qwen2.5-0.5B-Instruct,bfloat16,2026-08-02T08:03:10,load,42,1.3175006308592856,0,
2080,NVIDIA GeForce RTX 2080 Ti,qwen-0.5b,Qwen/Qwen2.5-0.5B-Instruct,bfloat16,2026-08-02T08:03:10,load,43,1.3154686242341995,0,
2080,NVIDIA GeForce RTX 2080 Ti,qwen-0.5b,Qwen/Qwen2.5-0.5B-Instruct,bfloat16,2026-08-02T08:03:10,load,44,1.3037304528988898,0,
2080,NVIDIA GeForce RTX 2080 Ti,qwen-0.5b,Qwen/Qwen2.5-0.5B-Instruct,bfloat16,2026-08-02T08:03:10,load,45,1.3302252739667892,0,
2080,NVIDIA GeForce RTX 2080 Ti,qwen-0.5b,Qwen/Qwen2.5-0.5B-Instruct,bfloat16,2026-08-02T08:03:10,load,46,1.3100743000395596,0,
2080,NVIDIA GeForce RTX 2080 Ti,qwen-0.5b,Qwen/Qwen2.5-0.5B-Instruct,bfloat16,2026-08-02T08:03:10,load,47,1.4209211240522563,0,
2080,NVIDIA GeForce RTX 2080 Ti,qwen-0.5b,Qwen/Qwen2.5-0.5B-Instruct,bfloat16,2026-08-02T08:03:10,load,48,1.3099660971201956,0,
2080,NVIDIA GeForce RTX 2080 Ti,qwen-0.5b,Qwen/Qwen2.5-0.5B-Instruct,bfloat16,2026-08-02T08:03:10,load,49,1.4110980699770153,0,
2080,NVIDIA GeForce RTX 2080 Ti,qwen-0.5b,Qwen/Qwen2.5-0.5B-Instruct,bfloat16,2026-08-02T08:03:10,load,50,1.3108306410722435,0,
2080,NVIDIA GeForce RTX 2080 Ti,qwen-0.5b,Qwen/Qwen2.5-0.5B-Instruct,bfloat16,2026-08-02T08:03:10,load,51,1.3520278739742935,0,
2080,NVIDIA GeForce RTX 2080 Ti,qwen-0.5b,Qwen/Qwen2.5-0.5B-Instruct,bfloat16,2026-08-02T08:03:10,load,52,1.3201794889755547,0,
2080,NVIDIA GeForce RTX 2080 Ti,qwen-0.5b,Qwen/Qwen2.5-0.5B-Instruct,bfloat16,2026-08-02T08:03:10,load,53,1.5845859572291374,0,
2080,NVIDIA GeForce RTX 2080 Ti,qwen-0.5b,Qwen/Qwen2.5-0.5B-Instruct,bfloat16,2026-08-02T08:03:10,load,54,1.3132626279257238,0,
2080,NVIDIA GeForce RTX 2080 Ti,qwen-0.5b,Qwen/Qwen2.5-0.5B-Instruct,bfloat16,2026-08-02T08:03:10,load,55,1.333367652259767,0,
2080,NVIDIA GeForce RTX 2080 Ti,qwen-0.5b,Qwen/Qwen2.5-0.5B-Instruct,bfloat16,2026-08-02T08:03:10,load,56,1.3227836210280657,0,
2080,NVIDIA GeForce RTX 2080 Ti,qwen-0.5b,Qwen/Qwen2.5-0.5B-Instruct,bfloat16,2026-08-02T08:03:10,load,57,1.3347306628711522,0,
2080,NVIDIA GeForce RTX 2080 Ti,qwen-0.5b,Qwen/Qwen2.5-0.5B-Instruct,bfloat16,2026-08-02T08:03:10,load,58,1.326684117782861,0,
2080,NVIDIA GeForce RTX 2080 Ti,qwen-0.5b,Qwen/Qwen2.5-0.5B-Instruct,bfloat16,2026-08-02T08:03:10,load,59,1.3340134001336992,0,
2080,NVIDIA GeForce RTX 2080 Ti,qwen-0.5b,Qwen/Qwen2.5-0.5B-Instruct,bfloat16,2026-08-02T08:03:10,load,60,1.3261460862122476,0,
2080,NVIDIA GeForce RTX 2080 Ti,qwen-0.5b,Qwen/Qwen2.5-0.5B-Instruct,bfloat16,2026-08-02T08:03:10,load,61,1.3297716891393065,0,
2080,NVIDIA GeForce RTX 2080 Ti,qwen-0.5b,Qwen/Qwen2.5-0.5B-Instruct,bfloat16,2026-08-02T08:03:10,load,62,1.292102409992367,0,
2080,NVIDIA GeForce RTX 2080 Ti,qwen-0.5b,Qwen/Qwen2.5-0.5B-Instruct,bfloat16,2026-08-02T08:03:10,load,63,1.3205262431874871,0,
2080,NVIDIA GeForce RTX 2080 Ti,qwen-0.5b,Qwen/Qwen2.5-0.5B-Instruct,bfloat16,2026-08-02T08:03:10,load,64,1.3408191530033946,0,
2080,NVIDIA GeForce RTX 2080 Ti,qwen-0.5b,Qwen/Qwen2.5-0.5B-Instruct,bfloat16,2026-08-02T08:03:10,load,65,1.3257362651638687,0,
2080,NVIDIA GeForce RTX 2080 Ti,qwen-0.5b,Qwen/Qwen2.5-0.5B-Instruct,bfloat16,2026-08-02T08:03:10,load,66,1.3598023508675396,0,
2080,NVIDIA GeForce RTX 2080 Ti,qwen-0.5b,Qwen/Qwen2.5-0.5B-Instruct,bfloat16,2026-08-02T08:03:10,load,67,1.3704781690612435,0,
2080,NVIDIA GeForce RTX 2080 Ti,qwen-0.5b,Qwen/Qwen2.5-0.5B-Instruct,bfloat16,2026-08-02T08:03:10,load,68,1.3122057649306953,0,
2080,NVIDIA GeForce RTX 2080 Ti,qwen-0.5b,Qwen/Qwen2.5-0.5B-Instruct,bfloat16,2026-08-02T08:03:10,load,69,1.3290235851891339,0,
2080,NVIDIA GeForce RTX 2080 Ti,qwen-0.5b,Qwen/Qwen2.5-0.5B-Instruct,bfloat16,2026-08-02T08:03:10,load,70,1.3139677718281746,0,
2080,NVIDIA GeForce RTX 2080 Ti,qwen-0.5b,Qwen/Qwen2.5-0.5B-Instruct,bfloat16,2026-08-02T08:03:10,load,71,1.347633542958647,0,
2080,NVIDIA GeForce RTX 2080 Ti,qwen-0.5b,Qwen/Qwen2.5-0.5B-Instruct,bfloat16,2026-08-02T08:03:10,load,72,1.3515584929846227,0,
2080,NVIDIA GeForce RTX 2080 Ti,qwen-0.5b,Qwen/Qwen2.5-0.5B-Instruct,bfloat16,2026-08-02T08:03:10,load,73,1.3317560791037977,0,
2080,NVIDIA GeForce RTX 2080 Ti,qwen-0.5b,Qwen/Qwen2.5-0.5B-Instruct,bfloat16,2026-08-02T08:03:10,load,74,1.3719556680880487,0,
2080,NVIDIA GeForce RTX 2080 Ti,qwen-0.5b,Qwen/Qwen2.5-0.5B-Instruct,bfloat16,2026-08-02T08:03:10,load,75,1.3495060531422496,0,
2080,NVIDIA GeForce RTX 2080 Ti,qwen-0.5b,Qwen/Qwen2.5-0.5B-Instruct,bfloat16,2026-08-02T08:03:10,load,76,1.3230092851445079,0,
2080,NVIDIA GeForce RTX 2080 Ti,qwen-0.5b,Qwen/Qwen2.5-0.5B-Instruct,bfloat16,2026-08-02T08:03:10,load,77,1.3259117254056036,0,
2080,NVIDIA GeForce RTX 2080 Ti,qwen-0.5b,Qwen/Qwen2.5-0.5B-Instruct,bfloat16,2026-08-02T08:03:10,load,78,1.3190154363401234,0,
2080,NVIDIA GeForce RTX 2080 Ti,qwen-0.5b,Qwen/Qwen2.5-0.5B-Instruct,bfloat16,2026-08-02T08:03:10,load,79,1.3708543181419373,0,
2080,NVIDIA GeForce RTX 2080 Ti,qwen-0.5b,Qwen/Qwen2.5-0.5B-Instruct,bfloat16,2026-08-02T08:03:10,load,80,1.401975757908076,0,
2080,NVIDIA GeForce RTX 2080 Ti,qwen-0.5b,Qwen/Qwen2.5-0.5B-Instruct,bfloat16,2026-08-02T08:03:10,load,81,1.3315256061032414,0,
2080,NVIDIA GeForce RTX 2080 Ti,qwen-0.5b,Qwen/Qwen2.5-0.5B-Instruct,bfloat16,2026-08-02T08:03:10,load,82,1.3311561960726976,0,
2080,NVIDIA GeForce RTX 2080 Ti,qwen-0.5b,Qwen/Qwen2.5-0.5B-Instruct,bfloat16,2026-08-02T08:03:10,load,83,1.3893436123616993,0,
2080,NVIDIA GeForce RTX 2080 Ti,qwen-0.5b,Qwen/Qwen2.5-0.5B-Instruct,bfloat16,2026-08-02T08:03:10,load,84,1.4051702967844903,0,
2080,NVIDIA GeForce RTX 2080 Ti,qwen-0.5b,Qwen/Qwen2.5-0.5B-Instruct,bfloat16,2026-08-02T08:03:10,load,85,1.3247604155912995,0,
2080,NVIDIA GeForce RTX 2080 Ti,qwen-0.5b,Qwen/Qwen2.5-0.5B-Instruct,bfloat16,2026-08-02T08:03:10,load,86,1.3128984058275819,0,
2080,NVIDIA GeForce RTX 2080 Ti,qwen-0.5b,Qwen/Qwen2.5-0.5B-Instruct,bfloat16,2026-08-02T08:03:10,load,87,1.3650761838071048,0,
2080,NVIDIA GeForce RTX 2080 Ti,qwen-0.5b,Qwen/Qwen2.5-0.5B-Instruct,bfloat16,2026-08-02T08:03:10,load,88,1.3453421550802886,0,
2080,NVIDIA GeForce RTX 2080 Ti,qwen-0.5b,Qwen/Qwen2.5-0.5B-Instruct,bfloat16,2026-08-02T08:03:10,load,89,1.334759633988142,0,
2080,NVIDIA GeForce RTX 2080 Ti,qwen-0.5b,Qwen/Qwen2.5-0.5B-Instruct,bfloat16,2026-08-02T08:03:10,load,90,1.3261219230480492,0,
2080,NVIDIA GeForce RTX 2080 Ti,qwen-0.5b,Qwen/Qwen2.5-0.5B-Instruct,bfloat16,2026-08-02T08:03:10,load,91,1.346641848795116,0,
2080,NVIDIA GeForce RTX 2080 Ti,qwen-0.5b,Qwen/Qwen2.5-0.5B-Instruct,bfloat16,2026-08-02T08:03:10,load,92,1.3456625062972307,0,
2080,NVIDIA GeForce RTX 2080 Ti,qwen-0.5b,Qwen/Qwen2.5-0.5B-Instruct,bfloat16,2026-08-02T08:03:10,load,93,1.468252553138882,0,
2080,NVIDIA GeForce RTX 2080 Ti,qwen-0.5b,Qwen/Qwen2.5-0.5B-Instruct,bfloat16,2026-08-02T08:03:10,load,94,1.3197176889516413,0,
2080,NVIDIA GeForce RTX 2080 Ti,qwen-0.5b,Qwen/Qwen2.5-0.5B-Instruct,bfloat16,2026-08-02T08:03:10,load,95,1.3542872066609561,0,
2080,NVIDIA GeForce RTX 2080 Ti,qwen-0.5b,Qwen/Qwen2.5-0.5B-Instruct,bfloat16,2026-08-02T08:03:10,load,96,1.3182005267590284,0,
2080,NVIDIA GeForce RTX 2080 Ti,qwen-0.5b,Qwen/Qwen2.5-0.5B-Instruct,bfloat16,2026-08-02T08:03:10,load,97,1.3691499698907137,0,
2080,NVIDIA GeForce RTX 2080 Ti,qwen-0.5b,Qwen/Qwen2.5-0.5B-Instruct,bfloat16,2026-08-02T08:03:10,load,98,1.3798136170953512,0,
2080,NVIDIA GeForce RTX 2080 Ti,qwen-0.5b,Qwen/Qwen2.5-0.5B-Instruct,bfloat16,2026-08-02T08:03:10,load,99,1.379508889745921,0,
2080,NVIDIA GeForce RTX 2080 Ti,qwen-0.5b,Qwen/Qwen2.5-0.5B-Instruct,bfloat16,2026-08-02T08:03:10,inference,0,0.7333544152788818,24,
2080,NVIDIA GeForce RTX 2080 Ti,qwen-0.5b,Qwen/Qwen2.5-0.5B-Instruct,bfloat16,2026-08-02T08:03:10,inference,1,0.7338851089589298,24,
2080,NVIDIA GeForce RTX 2080 Ti,qwen-0.5b,Qwen/Qwen2.5-0.5B-Instruct,bfloat16,2026-08-02T08:03:10,inference,2,0.7313569630496204,24,
2080,NVIDIA GeForce RTX 2080 Ti,qwen-0.5b,Qwen/Qwen2.5-0.5B-Instruct,bfloat16,2026-08-02T08:03:10,inference,3,0.7323448401875794,24,
2080,NVIDIA GeForce RTX 2080 Ti,qwen-0.5b,Qwen/Qwen2.5-0.5B-Instruct,bfloat16,2026-08-02T08:03:10,inference,4,0.7341496609151363,24,
2080,NVIDIA GeForce RTX 2080 Ti,qwen-0.5b,Qwen/Qwen2.5-0.5B-Instruct,bfloat16,2026-08-02T08:03:10,inference,5,0.7337388731539249,24,
2080,NVIDIA GeForce RTX 2080 Ti,qwen-0.5b,Qwen/Qwen2.5-0.5B-Instruct,bfloat16,2026-08-02T08:03:10,inference,6,0.7320633218623698,24,
2080,NVIDIA GeForce RTX 2080 Ti,qwen-0.5b,Qwen/Qwen2.5-0.5B-Instruct,bfloat16,2026-08-02T08:03:10,inference,7,0.7394597800448537,24,
2080,NVIDIA GeForce RTX 2080 Ti,qwen-0.5b,Qwen/Qwen2.5-0.5B-Instruct,bfloat16,2026-08-02T08:03:10,inference,8,0.7339977389201522,24,
2080,NVIDIA GeForce RTX 2080 Ti,qwen-0.5b,Qwen/Qwen2.5-0.5B-Instruct,bfloat16,2026-08-02T08:03:10,inference,9,0.733191919978708,24,
2080,NVIDIA GeForce RTX 2080 Ti,qwen-0.5b,Qwen/Qwen2.5-0.5B-Instruct,bfloat16,2026-08-02T08:03:10,inference,10,0.7332357778213918,24,
2080,NVIDIA GeForce RTX 2080 Ti,qwen-0.5b,Qwen/Qwen2.5-0.5B-Instruct,bfloat16,2026-08-02T08:03:10,inference,11,0.731937269680202,24,
2080,NVIDIA GeForce RTX 2080 Ti,qwen-0.5b,Qwen/Qwen2.5-0.5B-Instruct,bfloat16,2026-08-02T08:03:10,inference,12,0.7323124227114022,24,
2080,NVIDIA GeForce RTX 2080 Ti,qwen-0.5b,Qwen/Qwen2.5-0.5B-Instruct,bfloat16,2026-08-02T08:03:10,inference,13,0.7340118619613349,24,
2080,NVIDIA GeForce RTX 2080 Ti,qwen-0.5b,Qwen/Qwen2.5-0.5B-Instruct,bfloat16,2026-08-02T08:03:10,inference,14,0.7314078179188073,24,
2080,NVIDIA GeForce RTX 2080 Ti,qwen-0.5b,Qwen/Qwen2.5-0.5B-Instruct,bfloat16,2026-08-02T08:03:10,inference,15,0.7317894250154495,24,
2080,NVIDIA GeForce RTX 2080 Ti,qwen-0.5b,Qwen/Qwen2.5-0.5B-Instruct,bfloat16,2026-08-02T08:03:10,inference,16,0.7334636179730296,24,
2080,NVIDIA GeForce RTX 2080 Ti,qwen-0.5b,Qwen/Qwen2.5-0.5B-Instruct,bfloat16,2026-08-02T08:03:10,inference,17,0.7315704580396414,24,
2080,NVIDIA GeForce RTX 2080 Ti,qwen-0.5b,Qwen/Qwen2.5-0.5B-Instruct,bfloat16,2026-08-02T08:03:10,inference,18,0.7315310491248965,24,
2080,NVIDIA GeForce RTX 2080 Ti,qwen-0.5b,Qwen/Qwen2.5-0.5B-Instruct,bfloat16,2026-08-02T08:03:10,inference,19,0.7406550659798086,24,
2080,NVIDIA GeForce RTX 2080 Ti,qwen-0.5b,Qwen/Qwen2.5-0.5B-Instruct,bfloat16,2026-08-02T08:03:10,inference,20,0.7335120281204581,24,
2080,NVIDIA GeForce RTX 2080 Ti,qwen-0.5b,Qwen/Qwen2.5-0.5B-Instruct,bfloat16,2026-08-02T08:03:10,inference,21,0.7344083781354129,24,
2080,NVIDIA GeForce RTX 2080 Ti,qwen-0.5b,Qwen/Qwen2.5-0.5B-Instruct,bfloat16,2026-08-02T08:03:10,inference,22,0.7319106226786971,24,
2080,NVIDIA GeForce RTX 2080 Ti,qwen-0.5b,Qwen/Qwen2.5-0.5B-Instruct,bfloat16,2026-08-02T08:03:10,inference,23,0.7314769132062793,24,
2080,NVIDIA GeForce RTX 2080 Ti,qwen-0.5b,Qwen/Qwen2.5-0.5B-Instruct,bfloat16,2026-08-02T08:03:10,inference,24,0.7363133491016924,24,
2080,NVIDIA GeForce RTX 2080 Ti,qwen-0.5b,Qwen/Qwen2.5-0.5B-Instruct,bfloat16,2026-08-02T08:03:10,inference,25,0.7322887848131359,24,
2080,NVIDIA GeForce RTX 2080 Ti,qwen-0.5b,Qwen/Qwen2.5-0.5B-Instruct,bfloat16,2026-08-02T08:03:10,inference,26,0.731755721848458,24,
2080,NVIDIA GeForce RTX 2080 Ti,qwen-0.5b,Qwen/Qwen2.5-0.5B-Instruct,bfloat16,2026-08-02T08:03:10,inference,27,0.7325108237564564,24,
2080,NVIDIA GeForce RTX 2080 Ti,qwen-0.5b,Qwen/Qwen2.5-0.5B-Instruct,bfloat16,2026-08-02T08:03:10,inference,28,0.739084891974926,24,
2080,NVIDIA GeForce RTX 2080 Ti,qwen-0.5b,Qwen/Qwen2.5-0.5B-Instruct,bfloat16,2026-08-02T08:03:10,inference,29,0.7320323842577636,24,
2080,NVIDIA GeForce RTX 2080 Ti,qwen-0.5b,Qwen/Qwen2.5-0.5B-Instruct,bfloat16,2026-08-02T08:03:10,inference,30,0.7343833260238171,24,
2080,NVIDIA GeForce RTX 2080 Ti,qwen-0.5b,Qwen/Qwen2.5-0.5B-Instruct,bfloat16,2026-08-02T08:03:10,inference,31,0.7338663558475673,24,
2080,NVIDIA GeForce RTX 2080 Ti,qwen-0.5b,Qwen/Qwen2.5-0.5B-Instruct,bfloat16,2026-08-02T08:03:10,inference,32,0.7317325631156564,24,
2080,NVIDIA GeForce RTX 2080 Ti,qwen-0.5b,Qwen/Qwen2.5-0.5B-Instruct,bfloat16,2026-08-02T08:03:10,inference,33,0.7335022203624249,24,
2080,NVIDIA GeForce RTX 2080 Ti,qwen-0.5b,Qwen/Qwen2.5-0.5B-Instruct,bfloat16,2026-08-02T08:03:10,inference,34,0.7325407289899886,24,
2080,NVIDIA GeForce RTX 2080 Ti,qwen-0.5b,Qwen/Qwen2.5-0.5B-Instruct,bfloat16,2026-08-02T08:03:10,inference,35,0.7317311870865524,24,
2080,NVIDIA GeForce RTX 2080 Ti,qwen-0.5b,Qwen/Qwen2.5-0.5B-Instruct,bfloat16,2026-08-02T08:03:10,inference,36,0.7325407490134239,24,
2080,NVIDIA GeForce RTX 2080 Ti,qwen-0.5b,Qwen/Qwen2.5-0.5B-Instruct,bfloat16,2026-08-02T08:03:10,inference,37,0.7472793869674206,24,
2080,NVIDIA GeForce RTX 2080 Ti,qwen-0.5b,Qwen/Qwen2.5-0.5B-Instruct,bfloat16,2026-08-02T08:03:10,inference,38,0.7587411720305681,24,
2080,NVIDIA GeForce RTX 2080 Ti,qwen-0.5b,Qwen/Qwen2.5-0.5B-Instruct,bfloat16,2026-08-02T08:03:10,inference,39,0.7326513938605785,24,
2080,NVIDIA GeForce RTX 2080 Ti,qwen-0.5b,Qwen/Qwen2.5-0.5B-Instruct,bfloat16,2026-08-02T08:03:10,inference,40,0.7318112039938569,24,
2080,NVIDIA GeForce RTX 2080 Ti,qwen-0.5b,Qwen/Qwen2.5-0.5B-Instruct,bfloat16,2026-08-02T08:03:10,inference,41,0.7311938107013702,24,
2080,NVIDIA GeForce RTX 2080 Ti,qwen-0.5b,Qwen/Qwen2.5-0.5B-Instruct,bfloat16,2026-08-02T08:03:10,inference,42,0.7341096913442016,24,
2080,NVIDIA GeForce RTX 2080 Ti,qwen-0.5b,Qwen/Qwen2.5-0.5B-Instruct,bfloat16,2026-08-02T08:03:10,inference,43,0.7328496319241822,24,
2080,NVIDIA GeForce RTX 2080 Ti,qwen-0.5b,Qwen/Qwen2.5-0.5B-Instruct,bfloat16,2026-08-02T08:03:10,inference,44,0.7321846350096166,24,
2080,NVIDIA GeForce RTX 2080 Ti,qwen-0.5b,Qwen/Qwen2.5-0.5B-Instruct,bfloat16,2026-08-02T08:03:10,inference,45,0.7331610978581011,24,
2080,NVIDIA GeForce RTX 2080 Ti,qwen-0.5b,Qwen/Qwen2.5-0.5B-Instruct,bfloat16,2026-08-02T08:03:10,inference,46,0.7342622294090688,24,
2080,NVIDIA GeForce RTX 2080 Ti,qwen-0.5b,Qwen/Qwen2.5-0.5B-Instruct,bfloat16,2026-08-02T08:03:10,inference,47,0.7315331646241248,24,
2080,NVIDIA GeForce RTX 2080 Ti,qwen-0.5b,Qwen/Qwen2.5-0.5B-Instruct,bfloat16,2026-08-02T08:03:10,inference,48,0.7378029520623386,24,
2080,NVIDIA GeForce RTX 2080 Ti,qwen-0.5b,Qwen/Qwen2.5-0.5B-Instruct,bfloat16,2026-08-02T08:03:10,inference,49,0.7322798040695488,24,
2080,NVIDIA GeForce RTX 2080 Ti,qwen-0.5b,Qwen/Qwen2.5-0.5B-Instruct,bfloat16,2026-08-02T08:03:10,inference,50,0.732199972961098,24,
2080,NVIDIA GeForce RTX 2080 Ti,qwen-0.5b,Qwen/Qwen2.5-0.5B-Instruct,bfloat16,2026-08-02T08:03:10,inference,51,0.7338167303241789,24,
2080,NVIDIA GeForce RTX 2080 Ti,qwen-0.5b,Qwen/Qwen2.5-0.5B-Instruct,bfloat16,2026-08-02T08:03:10,inference,52,0.7306635333225131,24,
2080,NVIDIA GeForce RTX 2080 Ti,qwen-0.5b,Qwen/Qwen2.5-0.5B-Instruct,bfloat16,2026-08-02T08:03:10,inference,53,0.730860291980207,24,
2080,NVIDIA GeForce RTX 2080 Ti,qwen-0.5b,Qwen/Qwen2.5-0.5B-Instruct,bfloat16,2026-08-02T08:03:10,inference,54,0.7327156509272754,24,
2080,NVIDIA GeForce RTX 2080 Ti,qwen-0.5b,Qwen/Qwen2.5-0.5B-Instruct,bfloat16,2026-08-02T08:03:10,inference,55,0.7315751309506595,24,
2080,NVIDIA GeForce RTX 2080 Ti,qwen-0.5b,Qwen/Qwen2.5-0.5B-Instruct,bfloat16,2026-08-02T08:03:10,inference,56,0.7372809620574117,24,
2080,NVIDIA GeForce RTX 2080 Ti,qwen-0.5b,Qwen/Qwen2.5-0.5B-Instruct,bfloat16,2026-08-02T08:03:10,inference,57,0.7461562822572887,24,
2080,NVIDIA GeForce RTX 2080 Ti,qwen-0.5b,Qwen/Qwen2.5-0.5B-Instruct,bfloat16,2026-08-02T08:03:10,inference,58,0.7399936830624938,24,
2080,NVIDIA GeForce RTX 2080 Ti,qwen-0.5b,Qwen/Qwen2.5-0.5B-Instruct,bfloat16,2026-08-02T08:03:10,inference,59,0.7307955450378358,24,
2080,NVIDIA GeForce RTX 2080 Ti,qwen-0.5b,Qwen/Qwen2.5-0.5B-Instruct,bfloat16,2026-08-02T08:03:10,inference,60,0.7317585311830044,24,
2080,NVIDIA GeForce RTX 2080 Ti,qwen-0.5b,Qwen/Qwen2.5-0.5B-Instruct,bfloat16,2026-08-02T08:03:10,inference,61,0.7316806926392019,24,
2080,NVIDIA GeForce RTX 2080 Ti,qwen-0.5b,Qwen/Qwen2.5-0.5B-Instruct,bfloat16,2026-08-02T08:03:10,inference,62,0.7333403970114887,24,
2080,NVIDIA GeForce RTX 2080 Ti,qwen-0.5b,Qwen/Qwen2.5-0.5B-Instruct,bfloat16,2026-08-02T08:03:10,inference,63,0.7334108520299196,24,
2080,NVIDIA GeForce RTX 2080 Ti,qwen-0.5b,Qwen/Qwen2.5-0.5B-Instruct,bfloat16,2026-08-02T08:03:10,inference,64,0.7330924049019814,24,
2080,NVIDIA GeForce RTX 2080 Ti,qwen-0.5b,Qwen/Qwen2.5-0.5B-Instruct,bfloat16,2026-08-02T08:03:10,inference,65,0.7406360139138997,24,
2080,NVIDIA GeForce RTX 2080 Ti,qwen-0.5b,Qwen/Qwen2.5-0.5B-Instruct,bfloat16,2026-08-02T08:03:10,inference,66,0.7331946291960776,24,
2080,NVIDIA GeForce RTX 2080 Ti,qwen-0.5b,Qwen/Qwen2.5-0.5B-Instruct,bfloat16,2026-08-02T08:03:10,inference,67,0.7319588959217072,24,
2080,NVIDIA GeForce RTX 2080 Ti,qwen-0.5b,Qwen/Qwen2.5-0.5B-Instruct,bfloat16,2026-08-02T08:03:10,inference,68,0.7365855402313173,24,
2080,NVIDIA GeForce RTX 2080 Ti,qwen-0.5b,Qwen/Qwen2.5-0.5B-Instruct,bfloat16,2026-08-02T08:03:10,inference,69,0.7344468957744539,24,
2080,NVIDIA GeForce RTX 2080 Ti,qwen-0.5b,Qwen/Qwen2.5-0.5B-Instruct,bfloat16,2026-08-02T08:03:10,inference,70,0.7341795372776687,24,
2080,NVIDIA GeForce RTX 2080 Ti,qwen-0.5b,Qwen/Qwen2.5-0.5B-Instruct,bfloat16,2026-08-02T08:03:10,inference,71,0.7334475992247462,24,
2080,NVIDIA GeForce RTX 2080 Ti,qwen-0.5b,Qwen/Qwen2.5-0.5B-Instruct,bfloat16,2026-08-02T08:03:10,inference,72,0.7322147460654378,24,
2080,NVIDIA GeForce RTX 2080 Ti,qwen-0.5b,Qwen/Qwen2.5-0.5B-Instruct,bfloat16,2026-08-02T08:03:10,inference,73,0.7319851275533438,24,
2080,NVIDIA GeForce RTX 2080 Ti,qwen-0.5b,Qwen/Qwen2.5-0.5B-Instruct,bfloat16,2026-08-02T08:03:10,inference,74,0.7322458899579942,24,
2080,NVIDIA GeForce RTX 2080 Ti,qwen-0.5b,Qwen/Qwen2.5-0.5B-Instruct,bfloat16,2026-08-02T08:03:10,inference,75,0.73371796682477,24,
2080,NVIDIA GeForce RTX 2080 Ti,qwen-0.5b,Qwen/Qwen2.5-0.5B-Instruct,bfloat16,2026-08-02T08:03:10,inference,76,0.7334188329987228,24,
2080,NVIDIA GeForce RTX 2080 Ti,qwen-0.5b,Qwen/Qwen2.5-0.5B-Instruct,bfloat16,2026-08-02T08:03:10,inference,77,0.7360089630819857,24,
2080,NVIDIA GeForce RTX 2080 Ti,qwen-0.5b,Qwen/Qwen2.5-0.5B-Instruct,bfloat16,2026-08-02T08:03:10,inference,78,0.7308284612372518,24,
2080,NVIDIA GeForce RTX 2080 Ti,qwen-0.5b,Qwen/Qwen2.5-0.5B-Instruct,bfloat16,2026-08-02T08:03:10,inference,79,0.7375365542247891,24,
2080,NVIDIA GeForce RTX 2080 Ti,qwen-0.5b,Qwen/Qwen2.5-0.5B-Instruct,bfloat16,2026-08-02T08:03:10,inference,80,0.7346172560937703,24,
2080,NVIDIA GeForce RTX 2080 Ti,qwen-0.5b,Qwen/Qwen2.5-0.5B-Instruct,bfloat16,2026-08-02T08:03:10,inference,81,0.7333077141083777,24,
2080,NVIDIA GeForce RTX 2080 Ti,qwen-0.5b,Qwen/Qwen2.5-0.5B-Instruct,bfloat16,2026-08-02T08:03:10,inference,82,0.732457522302866,24,
2080,NVIDIA GeForce RTX 2080 Ti,qwen-0.5b,Qwen/Qwen2.5-0.5B-Instruct,bfloat16,2026-08-02T08:03:10,inference,83,0.7340378076769412,24,
2080,NVIDIA GeForce RTX 2080 Ti,qwen-0.5b,Qwen/Qwen2.5-0.5B-Instruct,bfloat16,2026-08-02T08:03:10,inference,84,0.7324394751340151,24,
2080,NVIDIA GeForce RTX 2080 Ti,qwen-0.5b,Qwen/Qwen2.5-0.5B-Instruct,bfloat16,2026-08-02T08:03:10,inference,85,0.7341325348243117,24,
2080,NVIDIA GeForce RTX 2080 Ti,qwen-0.5b,Qwen/Qwen2.5-0.5B-Instruct,bfloat16,2026-08-02T08:03:10,inference,86,0.7328412709757686,24,
2080,NVIDIA GeForce RTX 2080 Ti,qwen-0.5b,Qwen/Qwen2.5-0.5B-Instruct,bfloat16,2026-08-02T08:03:10,inference,87,0.7335312766954303,24,
2080,NVIDIA GeForce RTX 2080 Ti,qwen-0.5b,Qwen/Qwen2.5-0.5B-Instruct,bfloat16,2026-08-02T08:03:10,inference,88,0.7320937570184469,24,
2080,NVIDIA GeForce RTX 2080 Ti,qwen-0.5b,Qwen/Qwen2.5-0.5B-Instruct,bfloat16,2026-08-02T08:03:10,inference,89,0.7365620629861951,24,
2080,NVIDIA GeForce RTX 2080 Ti,qwen-0.5b,Qwen/Qwen2.5-0.5B-Instruct,bfloat16,2026-08-02T08:03:10,inference,90,0.7322630798444152,24,
2080,NVIDIA GeForce RTX 2080 Ti,qwen-0.5b,Qwen/Qwen2.5-0.5B-Instruct,bfloat16,2026-08-02T08:03:10,inference,91,0.7350117559544742,24,
2080,NVIDIA GeForce RTX 2080 Ti,qwen-0.5b,Qwen/Qwen2.5-0.5B-Instruct,bfloat16,2026-08-02T08:03:10,inference,92,0.7324023540131748,24,
2080,NVIDIA GeForce RTX 2080 Ti,qwen-0.5b,Qwen/Qwen2.5-0.5B-Instruct,bfloat16,2026-08-02T08:03:10,inference,93,0.7307935981079936,24,
2080,NVIDIA GeForce RTX 2080 Ti,qwen-0.5b,Qwen/Qwen2.5-0.5B-Instruct,bfloat16,2026-08-02T08:03:10,inference,94,0.7311194450594485,24,
2080,NVIDIA GeForce RTX 2080 Ti,qwen-0.5b,Qwen/Qwen2.5-0.5B-Instruct,bfloat16,2026-08-02T08:03:10,inference,95,0.7308891289867461,24,
2080,NVIDIA GeForce RTX 2080 Ti,qwen-0.5b,Qwen/Qwen2.5-0.5B-Instruct,bfloat16,2026-08-02T08:03:10,inference,96,0.7338774977251887,24,
2080,NVIDIA GeForce RTX 2080 Ti,qwen-0.5b,Qwen/Qwen2.5-0.5B-Instruct,bfloat16,2026-08-02T08:03:10,inference,97,0.7326181586831808,24,
2080,NVIDIA GeForce RTX 2080 Ti,qwen-0.5b,Qwen/Qwen2.5-0.5B-Instruct,bfloat16,2026-08-02T08:03:10,inference,98,0.7318247826769948,24,
2080,NVIDIA GeForce RTX 2080 Ti,qwen-0.5b,Qwen/Qwen2.5-0.5B-Instruct,bfloat16,2026-08-02T08:03:10,inference,99,0.7300818632356822,24,
2080,NVIDIA GeForce RTX 2080 Ti,qwen-3b,Qwen/Qwen2.5-3B-Instruct,bfloat16,2026-08-02T08:03:10,load,0,3.3145776255987585,0,
2080,NVIDIA GeForce RTX 2080 Ti,qwen-3b,Qwen/Qwen2.5-3B-Instruct,bfloat16,2026-08-02T08:03:10,load,1,3.24239932699129,0,
2080,NVIDIA GeForce RTX 2080 Ti,qwen-3b,Qwen/Qwen2.5-3B-Instruct,bfloat16,2026-08-02T08:03:10,load,2,3.2709929482080042,0,
2080,NVIDIA GeForce RTX 2080 Ti,qwen-3b,Qwen/Qwen2.5-3B-Instruct,bfloat16,2026-08-02T08:03:10,load,3,5.023223006166518,0,
2080,NVIDIA GeForce RTX 2080 Ti,qwen-3b,Qwen/Qwen2.5-3B-Instruct,bfloat16,2026-08-02T08:03:10,load,4,3.3481342350132763,0,
2080,NVIDIA GeForce RTX 2080 Ti,qwen-3b,Qwen/Qwen2.5-3B-Instruct,bfloat16,2026-08-02T08:03:10,load,5,3.4701170260086656,0,
2080,NVIDIA GeForce RTX 2080 Ti,qwen-3b,Qwen/Qwen2.5-3B-Instruct,bfloat16,2026-08-02T08:03:10,load,6,3.2428109026513994,0,
2080,NVIDIA GeForce RTX 2080 Ti,qwen-3b,Qwen/Qwen2.5-3B-Instruct,bfloat16,2026-08-02T08:03:10,load,7,3.2502330909483135,0,
2080,NVIDIA GeForce RTX 2080 Ti,qwen-3b,Qwen/Qwen2.5-3B-Instruct,bfloat16,2026-08-02T08:03:10,load,8,3.290634369943291,0,
2080,NVIDIA GeForce RTX 2080 Ti,qwen-3b,Qwen/Qwen2.5-3B-Instruct,bfloat16,2026-08-02T08:03:10,load,9,3.2862505191005766,0,
2080,NVIDIA GeForce RTX 2080 Ti,qwen-3b,Qwen/Qwen2.5-3B-Instruct,bfloat16,2026-08-02T08:03:10,load,10,3.2422919683158398,0,
2080,NVIDIA GeForce RTX 2080 Ti,qwen-3b,Qwen/Qwen2.5-3B-Instruct,bfloat16,2026-08-02T08:03:10,load,11,3.2458414332941175,0,
2080,NVIDIA GeForce RTX 2080 Ti,qwen-3b,Qwen/Qwen2.5-3B-Instruct,bfloat16,2026-08-02T08:03:10,load,12,3.310911097098142,0,
2080,NVIDIA GeForce RTX 2080 Ti,qwen-3b,Qwen/Qwen2.5-3B-Instruct,bfloat16,2026-08-02T08:03:10,load,13,3.2586009078659117,0,
2080,NVIDIA GeForce RTX 2080 Ti,qwen-3b,Qwen/Qwen2.5-3B-Instruct,bfloat16,2026-08-02T08:03:10,load,14,3.340703000780195,0,
2080,NVIDIA GeForce RTX 2080 Ti,qwen-3b,Qwen/Qwen2.5-3B-Instruct,bfloat16,2026-08-02T08:03:10,load,15,3.2660789457149804,0,
2080,NVIDIA GeForce RTX 2080 Ti,qwen-3b,Qwen/Qwen2.5-3B-Instruct,bfloat16,2026-08-02T08:03:10,load,16,3.2412545159459114,0,
2080,NVIDIA GeForce RTX 2080 Ti,qwen-3b,Qwen/Qwen2.5-3B-Instruct,bfloat16,2026-08-02T08:03:10,load,17,3.25032040476799,0,
2080,NVIDIA GeForce RTX 2080 Ti,qwen-3b,Qwen/Qwen2.5-3B-Instruct,bfloat16,2026-08-02T08:03:10,load,18,3.2441142392344773,0,
2080,NVIDIA GeForce RTX 2080 Ti,qwen-3b,Qwen/Qwen2.5-3B-Instruct,bfloat16,2026-08-02T08:03:10,load,19,3.2276960890740156,0,
2080,NVIDIA GeForce RTX 2080 Ti,qwen-3b,Qwen/Qwen2.5-3B-Instruct,bfloat16,2026-08-02T08:03:10,load,20,3.2458593412302434,0,
2080,NVIDIA GeForce RTX 2080 Ti,qwen-3b,Qwen/Qwen2.5-3B-Instruct,bfloat16,2026-08-02T08:03:10,load,21,3.224643263965845,0,
2080,NVIDIA GeForce RTX 2080 Ti,qwen-3b,Qwen/Qwen2.5-3B-Instruct,bfloat16,2026-08-02T08:03:10,load,22,3.308508798945695,0,
2080,NVIDIA GeForce RTX 2080 Ti,qwen-3b,Qwen/Qwen2.5-3B-Instruct,bfloat16,2026-08-02T08:03:10,load,23,3.239710030145943,0,
2080,NVIDIA GeForce RTX 2080 Ti,qwen-3b,Qwen/Qwen2.5-3B-Instruct,bfloat16,2026-08-02T08:03:10,load,24,3.240258912090212,0,
2080,NVIDIA GeForce RTX 2080 Ti,qwen-3b,Qwen/Qwen2.5-3B-Instruct,bfloat16,2026-08-02T08:03:10,load,25,3.340793700888753,0,
2080,NVIDIA GeForce RTX 2080 Ti,qwen-3b,Qwen/Qwen2.5-3B-Instruct,bfloat16,2026-08-02T08:03:10,load,26,3.270009580999613,0,
2080,NVIDIA GeForce RTX 2080 Ti,qwen-3b,Qwen/Qwen2.5-3B-Instruct,bfloat16,2026-08-02T08:03:10,load,27,3.232142325025052,0,
2080,NVIDIA GeForce RTX 2080 Ti,qwen-3b,Qwen/Qwen2.5-3B-Instruct,bfloat16,2026-08-02T08:03:10,load,28,3.225164250936359,0,
2080,NVIDIA GeForce RTX 2080 Ti,qwen-3b,Qwen/Qwen2.5-3B-Instruct,bfloat16,2026-08-02T08:03:10,load,29,3.2629092540591955,0,
2080,NVIDIA GeForce RTX 2080 Ti,qwen-3b,Qwen/Qwen2.5-3B-Instruct,bfloat16,2026-08-02T08:03:10,load,30,3.270030975341797,0,
2080,NVIDIA GeForce RTX 2080 Ti,qwen-3b,Qwen/Qwen2.5-3B-Instruct,bfloat16,2026-08-02T08:03:10,load,31,3.2556997598148882,0,
2080,NVIDIA GeForce RTX 2080 Ti,qwen-3b,Qwen/Qwen2.5-3B-Instruct,bfloat16,2026-08-02T08:03:10,load,32,3.246812669094652,0,
2080,NVIDIA GeForce RTX 2080 Ti,qwen-3b,Qwen/Qwen2.5-3B-Instruct,bfloat16,2026-08-02T08:03:10,load,33,3.216608364600688,0,
2080,NVIDIA GeForce RTX 2080 Ti,qwen-3b,Qwen/Qwen2.5-3B-Instruct,bfloat16,2026-08-02T08:03:10,load,34,3.2758885766379535,0,
2080,NVIDIA GeForce RTX 2080 Ti,qwen-3b,Qwen/Qwen2.5-3B-Instruct,bfloat16,2026-08-02T08:03:10,load,35,3.242372014094144,0,
2080,NVIDIA GeForce RTX 2080 Ti,qwen-3b,Qwen/Qwen2.5-3B-Instruct,bfloat16,2026-08-02T08:03:10,load,36,3.2556881704367697,0,
2080,NVIDIA GeForce RTX 2080 Ti,qwen-3b,Qwen/Qwen2.5-3B-Instruct,bfloat16,2026-08-02T08:03:10,load,37,3.2307790368795395,0,
2080,NVIDIA GeForce RTX 2080 Ti,qwen-3b,Qwen/Qwen2.5-3B-Instruct,bfloat16,2026-08-02T08:03:10,load,38,3.2964524631388485,0,
2080,NVIDIA GeForce RTX 2080 Ti,qwen-3b,Qwen/Qwen2.5-3B-Instruct,bfloat16,2026-08-02T08:03:10,load,39,3.2390206060372293,0,
2080,NVIDIA GeForce RTX 2080 Ti,qwen-3b,Qwen/Qwen2.5-3B-Instruct,bfloat16,2026-08-02T08:03:10,load,40,3.2503765798173845,0,
2080,NVIDIA GeForce RTX 2080 Ti,qwen-3b,Qwen/Qwen2.5-3B-Instruct,bfloat16,2026-08-02T08:03:10,load,41,3.2391864308156073,0,
2080,NVIDIA GeForce RTX 2080 Ti,qwen-3b,Qwen/Qwen2.5-3B-Instruct,bfloat16,2026-08-02T08:03:10,load,42,3.466871588025242,0,
2080,NVIDIA GeForce RTX 2080 Ti,qwen-3b,Qwen/Qwen2.5-3B-Instruct,bfloat16,2026-08-02T08:03:10,load,43,3.2734329509548843,0,
2080,NVIDIA GeForce RTX 2080 Ti,qwen-3b,Qwen/Qwen2.5-3B-Instruct,bfloat16,2026-08-02T08:03:10,load,44,3.2558785709552467,0,
2080,NVIDIA GeForce RTX 2080 Ti,qwen-3b,Qwen/Qwen2.5-3B-Instruct,bfloat16,2026-08-02T08:03:10,load,45,3.2662662877701223,0,
2080,NVIDIA GeForce RTX 2080 Ti,qwen-3b,Qwen/Qwen2.5-3B-Instruct,bfloat16,2026-08-02T08:03:10,load,46,3.4369296920485795,0,
2080,NVIDIA GeForce RTX 2080 Ti,qwen-3b,Qwen/Qwen2.5-3B-Instruct,bfloat16,2026-08-02T08:03:10,load,47,3.2176862522028387,0,
2080,NVIDIA GeForce RTX 2080 Ti,qwen-3b,Qwen/Qwen2.5-3B-Instruct,bfloat16,2026-08-02T08:03:10,load,48,3.265269933734089,0,
2080,NVIDIA GeForce RTX 2080 Ti,qwen-3b,Qwen/Qwen2.5-3B-Instruct,bfloat16,2026-08-02T08:03:10,load,49,3.23944698786363,0,
2080,NVIDIA GeForce RTX 2080 Ti,qwen-3b,Qwen/Qwen2.5-3B-Instruct,bfloat16,2026-08-02T08:03:10,load,50,3.2265860601328313,0,
2080,NVIDIA GeForce RTX 2080 Ti,qwen-3b,Qwen/Qwen2.5-3B-Instruct,bfloat16,2026-08-02T08:03:10,load,51,3.2483483096584678,0,
2080,NVIDIA GeForce RTX 2080 Ti,qwen-3b,Qwen/Qwen2.5-3B-Instruct,bfloat16,2026-08-02T08:03:10,load,52,3.2713170191273093,0,
2080,NVIDIA GeForce RTX 2080 Ti,qwen-3b,Qwen/Qwen2.5-3B-Instruct,bfloat16,2026-08-02T08:03:10,load,53,3.247762968298048,0,
2080,NVIDIA GeForce RTX 2080 Ti,qwen-3b,Qwen/Qwen2.5-3B-Instruct,bfloat16,2026-08-02T08:03:10,load,54,3.2507875529117882,0,
2080,NVIDIA GeForce RTX 2080 Ti,qwen-3b,Qwen/Qwen2.5-3B-Instruct,bfloat16,2026-08-02T08:03:10,load,55,3.285254339221865,0,
2080,NVIDIA GeForce RTX 2080 Ti,qwen-3b,Qwen/Qwen2.5-3B-Instruct,bfloat16,2026-08-02T08:03:10,load,56,3.2508347551338375,0,
2080,NVIDIA GeForce RTX 2080 Ti,qwen-3b,Qwen/Qwen2.5-3B-Instruct,bfloat16,2026-08-02T08:03:10,load,57,3.3386163851246238,0,
2080,NVIDIA GeForce RTX 2080 Ti,qwen-3b,Qwen/Qwen2.5-3B-Instruct,bfloat16,2026-08-02T08:03:10,load,58,3.2382214781828225,0,
2080,NVIDIA GeForce RTX 2080 Ti,qwen-3b,Qwen/Qwen2.5-3B-Instruct,bfloat16,2026-08-02T08:03:10,load,59,6.963967377319932,0,
2080,NVIDIA GeForce RTX 2080 Ti,qwen-3b,Qwen/Qwen2.5-3B-Instruct,bfloat16,2026-08-02T08:03:10,load,60,3.28377982089296,0,
2080,NVIDIA GeForce RTX 2080 Ti,qwen-3b,Qwen/Qwen2.5-3B-Instruct,bfloat16,2026-08-02T08:03:10,load,61,3.2210714230313897,0,
2080,NVIDIA GeForce RTX 2080 Ti,qwen-3b,Qwen/Qwen2.5-3B-Instruct,bfloat16,2026-08-02T08:03:10,load,62,3.2346014990471303,0,
2080,NVIDIA GeForce RTX 2080 Ti,qwen-3b,Qwen/Qwen2.5-3B-Instruct,bfloat16,2026-08-02T08:03:10,load,63,3.2379346070811152,0,
2080,NVIDIA GeForce RTX 2080 Ti,qwen-3b,Qwen/Qwen2.5-3B-Instruct,bfloat16,2026-08-02T08:03:10,load,64,3.349728752858937,0,
2080,NVIDIA GeForce RTX 2080 Ti,qwen-3b,Qwen/Qwen2.5-3B-Instruct,bfloat16,2026-08-02T08:03:10,load,65,3.2507401290349662,0,
2080,NVIDIA GeForce RTX 2080 Ti,qwen-3b,Qwen/Qwen2.5-3B-Instruct,bfloat16,2026-08-02T08:03:10,load,66,3.2244166508316994,0,
2080,NVIDIA GeForce RTX 2080 Ti,qwen-3b,Qwen/Qwen2.5-3B-Instruct,bfloat16,2026-08-02T08:03:10,load,67,3.448841596953571,0,
2080,NVIDIA GeForce RTX 2080 Ti,qwen-3b,Qwen/Qwen2.5-3B-Instruct,bfloat16,2026-08-02T08:03:10,load,68,3.2205045837908983,0,
2080,NVIDIA GeForce RTX 2080 Ti,qwen-3b,Qwen/Qwen2.5-3B-Instruct,bfloat16,2026-08-02T08:03:10,load,69,3.211512742098421,0,
2080,NVIDIA GeForce RTX 2080 Ti,qwen-3b,Qwen/Qwen2.5-3B-Instruct,bfloat16,2026-08-02T08:03:10,load,70,3.2530292090959847,0,
2080,NVIDIA GeForce RTX 2080 Ti,qwen-3b,Qwen/Qwen2.5-3B-Instruct,bfloat16,2026-08-02T08:03:10,load,71,3.2169380369596183,0,
2080,NVIDIA GeForce RTX 2080 Ti,qwen-3b,Qwen/Qwen2.5-3B-Instruct,bfloat16,2026-08-02T08:03:10,load,72,3.250778032001108,0,
2080,NVIDIA GeForce RTX 2080 Ti,qwen-3b,Qwen/Qwen2.5-3B-Instruct,bfloat16,2026-08-02T08:03:10,load,73,3.2754039028659463,0,
2080,NVIDIA GeForce RTX 2080 Ti,qwen-3b,Qwen/Qwen2.5-3B-Instruct,bfloat16,2026-08-02T08:03:10,load,74,3.234145508147776,0,
2080,NVIDIA GeForce RTX 2080 Ti,qwen-3b,Qwen/Qwen2.5-3B-Instruct,bfloat16,2026-08-02T08:03:10,load,75,3.274188424926251,0,
2080,NVIDIA GeForce RTX 2080 Ti,qwen-3b,Qwen/Qwen2.5-3B-Instruct,bfloat16,2026-08-02T08:03:10,load,76,3.244579730089754,0,
2080,NVIDIA GeForce RTX 2080 Ti,qwen-3b,Qwen/Qwen2.5-3B-Instruct,bfloat16,2026-08-02T08:03:10,load,77,3.219850436784327,0,
2080,NVIDIA GeForce RTX 2080 Ti,qwen-3b,Qwen/Qwen2.5-3B-Instruct,bfloat16,2026-08-02T08:03:10,load,78,3.2408760390244424,0,
2080,NVIDIA GeForce RTX 2080 Ti,qwen-3b,Qwen/Qwen2.5-3B-Instruct,bfloat16,2026-08-02T08:03:10,load,79,3.2501415801234543,0,
2080,NVIDIA GeForce RTX 2080 Ti,qwen-3b,Qwen/Qwen2.5-3B-Instruct,bfloat16,2026-08-02T08:03:10,load,80,3.2813435718417168,0,
2080,NVIDIA GeForce RTX 2080 Ti,qwen-3b,Qwen/Qwen2.5-3B-Instruct,bfloat16,2026-08-02T08:03:10,load,81,3.273733599111438,0,
2080,NVIDIA GeForce RTX 2080 Ti,qwen-3b,Qwen/Qwen2.5-3B-Instruct,bfloat16,2026-08-02T08:03:10,load,82,3.2560026668943465,0,
2080,NVIDIA GeForce RTX 2080 Ti,qwen-3b,Qwen/Qwen2.5-3B-Instruct,bfloat16,2026-08-02T08:03:10,load,83,3.2326397369615734,0,
2080,NVIDIA GeForce RTX 2080 Ti,qwen-3b,Qwen/Qwen2.5-3B-Instruct,bfloat16,2026-08-02T08:03:10,load,84,3.233331447932869,0,
2080,NVIDIA GeForce RTX 2080 Ti,qwen-3b,Qwen/Qwen2.5-3B-Instruct,bfloat16,2026-08-02T08:03:10,load,85,3.216612990014255,0,
2080,NVIDIA GeForce RTX 2080 Ti,qwen-3b,Qwen/Qwen2.5-3B-Instruct,bfloat16,2026-08-02T08:03:10,load,86,3.2129416330717504,0,
2080,NVIDIA GeForce RTX 2080 Ti,qwen-3b,Qwen/Qwen2.5-3B-Instruct,bfloat16,2026-08-02T08:03:10,load,87,3.239430444780737,0,
2080,NVIDIA GeForce RTX 2080 Ti,qwen-3b,Qwen/Qwen2.5-3B-Instruct,bfloat16,2026-08-02T08:03:10,load,88,3.2322723171673715,0,
2080,NVIDIA GeForce RTX 2080 Ti,qwen-3b,Qwen/Qwen2.5-3B-Instruct,bfloat16,2026-08-02T08:03:10,load,89,3.2051075440831482,0,
2080,NVIDIA GeForce RTX 2080 Ti,qwen-3b,Qwen/Qwen2.5-3B-Instruct,bfloat16,2026-08-02T08:03:10,load,90,3.3941121520474553,0,
2080,NVIDIA GeForce RTX 2080 Ti,qwen-3b,Qwen/Qwen2.5-3B-Instruct,bfloat16,2026-08-02T08:03:10,load,91,3.2650733860209584,0,
2080,NVIDIA GeForce RTX 2080 Ti,qwen-3b,Qwen/Qwen2.5-3B-Instruct,bfloat16,2026-08-02T08:03:10,load,92,3.2821970069780946,0,
2080,NVIDIA GeForce RTX 2080 Ti,qwen-3b,Qwen/Qwen2.5-3B-Instruct,bfloat16,2026-08-02T08:03:10,load,93,3.4830286162905395,0,
2080,NVIDIA GeForce RTX 2080 Ti,qwen-3b,Qwen/Qwen2.5-3B-Instruct,bfloat16,2026-08-02T08:03:10,load,94,3.2765156249515712,0,
2080,NVIDIA GeForce RTX 2080 Ti,qwen-3b,Qwen/Qwen2.5-3B-Instruct,bfloat16,2026-08-02T08:03:10,load,95,3.266031101811677,0,
2080,NVIDIA GeForce RTX 2080 Ti,qwen-3b,Qwen/Qwen2.5-3B-Instruct,bfloat16,2026-08-02T08:03:10,load,96,3.236101108137518,0,
2080,NVIDIA GeForce RTX 2080 Ti,qwen-3b,Qwen/Qwen2.5-3B-Instruct,bfloat16,2026-08-02T08:03:10,load,97,3.2491589528508484,0,
2080,NVIDIA GeForce RTX 2080 Ti,qwen-3b,Qwen/Qwen2.5-3B-Instruct,bfloat16,2026-08-02T08:03:10,load,98,3.2231673458591104,0,
2080,NVIDIA GeForce RTX 2080 Ti,qwen-3b,Qwen/Qwen2.5-3B-Instruct,bfloat16,2026-08-02T08:03:10,load,99,3.3546804687939584,0,
2080,NVIDIA GeForce RTX 2080 Ti,qwen-3b,Qwen/Qwen2.5-3B-Instruct,bfloat16,2026-08-02T08:03:10,inference,0,1.137233064044267,24,
2080,NVIDIA GeForce RTX 2080 Ti,qwen-3b,Qwen/Qwen2.5-3B-Instruct,bfloat16,2026-08-02T08:03:10,inference,1,1.1343333721160889,24,
2080,NVIDIA GeForce RTX 2080 Ti,qwen-3b,Qwen/Qwen2.5-3B-Instruct,bfloat16,2026-08-02T08:03:10,inference,2,1.1330574876628816,24,
2080,NVIDIA GeForce RTX 2080 Ti,qwen-3b,Qwen/Qwen2.5-3B-Instruct,bfloat16,2026-08-02T08:03:10,inference,3,1.1329008149914443,24,
2080,NVIDIA GeForce RTX 2080 Ti,qwen-3b,Qwen/Qwen2.5-3B-Instruct,bfloat16,2026-08-02T08:03:10,inference,4,1.1363541027531028,24,
2080,NVIDIA GeForce RTX 2080 Ti,qwen-3b,Qwen/Qwen2.5-3B-Instruct,bfloat16,2026-08-02T08:03:10,inference,5,1.1415569358505309,24,
2080,NVIDIA GeForce RTX 2080 Ti,qwen-3b,Qwen/Qwen2.5-3B-Instruct,bfloat16,2026-08-02T08:03:10,inference,6,1.1364491819404066,24,
2080,NVIDIA GeForce RTX 2080 Ti,qwen-3b,Qwen/Qwen2.5-3B-Instruct,bfloat16,2026-08-02T08:03:10,inference,7,1.1412292467430234,24,
2080,NVIDIA GeForce RTX 2080 Ti,qwen-3b,Qwen/Qwen2.5-3B-Instruct,bfloat16,2026-08-02T08:03:10,inference,8,1.1370507408864796,24,
2080,NVIDIA GeForce RTX 2080 Ti,qwen-3b,Qwen/Qwen2.5-3B-Instruct,bfloat16,2026-08-02T08:03:10,inference,9,1.144875556230545,24,
2080,NVIDIA GeForce RTX 2080 Ti,qwen-3b,Qwen/Qwen2.5-3B-Instruct,bfloat16,2026-08-02T08:03:10,inference,10,1.1430443259887397,24,
2080,NVIDIA GeForce RTX 2080 Ti,qwen-3b,Qwen/Qwen2.5-3B-Instruct,bfloat16,2026-08-02T08:03:10,inference,11,1.1377954930067062,24,
2080,NVIDIA GeForce RTX 2080 Ti,qwen-3b,Qwen/Qwen2.5-3B-Instruct,bfloat16,2026-08-02T08:03:10,inference,12,1.1406456967815757,24,
2080,NVIDIA GeForce RTX 2080 Ti,qwen-3b,Qwen/Qwen2.5-3B-Instruct,bfloat16,2026-08-02T08:03:10,inference,13,1.1355998637154698,24,
2080,NVIDIA GeForce RTX 2080 Ti,qwen-3b,Qwen/Qwen2.5-3B-Instruct,bfloat16,2026-08-02T08:03:10,inference,14,1.1341962539590895,24,
2080,NVIDIA GeForce RTX 2080 Ti,qwen-3b,Qwen/Qwen2.5-3B-Instruct,bfloat16,2026-08-02T08:03:10,inference,15,1.1342157726176083,24,
2080,NVIDIA GeForce RTX 2080 Ti,qwen-3b,Qwen/Qwen2.5-3B-Instruct,bfloat16,2026-08-02T08:03:10,inference,16,1.1397593752481043,24,
2080,NVIDIA GeForce RTX 2080 Ti,qwen-3b,Qwen/Qwen2.5-3B-Instruct,bfloat16,2026-08-02T08:03:10,inference,17,1.135477954056114,24,
2080,NVIDIA GeForce RTX 2080 Ti,qwen-3b,Qwen/Qwen2.5-3B-Instruct,bfloat16,2026-08-02T08:03:10,inference,18,1.1427619750611484,24,
2080,NVIDIA GeForce RTX 2080 Ti,qwen-3b,Qwen/Qwen2.5-3B-Instruct,bfloat16,2026-08-02T08:03:10,inference,19,1.1400603060610592,24,
2080,NVIDIA GeForce RTX 2080 Ti,qwen-3b,Qwen/Qwen2.5-3B-Instruct,bfloat16,2026-08-02T08:03:10,inference,20,1.1396135813556612,24,
2080,NVIDIA GeForce RTX 2080 Ti,qwen-3b,Qwen/Qwen2.5-3B-Instruct,bfloat16,2026-08-02T08:03:10,inference,21,1.137021818663925,24,
2080,NVIDIA GeForce RTX 2080 Ti,qwen-3b,Qwen/Qwen2.5-3B-Instruct,bfloat16,2026-08-02T08:03:10,inference,22,1.1367411399260163,24,
2080,NVIDIA GeForce RTX 2080 Ti,qwen-3b,Qwen/Qwen2.5-3B-Instruct,bfloat16,2026-08-02T08:03:10,inference,23,1.137456165626645,24,
2080,NVIDIA GeForce RTX 2080 Ti,qwen-3b,Qwen/Qwen2.5-3B-Instruct,bfloat16,2026-08-02T08:03:10,inference,24,1.137031995691359,24,
2080,NVIDIA GeForce RTX 2080 Ti,qwen-3b,Qwen/Qwen2.5-3B-Instruct,bfloat16,2026-08-02T08:03:10,inference,25,1.1416642009280622,24,
2080,NVIDIA GeForce RTX 2080 Ti,qwen-3b,Qwen/Qwen2.5-3B-Instruct,bfloat16,2026-08-02T08:03:10,inference,26,1.136488955002278,24,
2080,NVIDIA GeForce RTX 2080 Ti,qwen-3b,Qwen/Qwen2.5-3B-Instruct,bfloat16,2026-08-02T08:03:10,inference,27,1.136955551803112,24,
2080,NVIDIA GeForce RTX 2080 Ti,qwen-3b,Qwen/Qwen2.5-3B-Instruct,bfloat16,2026-08-02T08:03:10,inference,28,1.1356893172487617,24,
2080,NVIDIA GeForce RTX 2080 Ti,qwen-3b,Qwen/Qwen2.5-3B-Instruct,bfloat16,2026-08-02T08:03:10,inference,29,1.138085984159261,24,
2080,NVIDIA GeForce RTX 2080 Ti,qwen-3b,Qwen/Qwen2.5-3B-Instruct,bfloat16,2026-08-02T08:03:10,inference,30,1.136838875245303,24,
2080,NVIDIA GeForce RTX 2080 Ti,qwen-3b,Qwen/Qwen2.5-3B-Instruct,bfloat16,2026-08-02T08:03:10,inference,31,1.14326832909137,24,
2080,NVIDIA GeForce RTX 2080 Ti,qwen-3b,Qwen/Qwen2.5-3B-Instruct,bfloat16,2026-08-02T08:03:10,inference,32,1.1378645640797913,24,
2080,NVIDIA GeForce RTX 2080 Ti,qwen-3b,Qwen/Qwen2.5-3B-Instruct,bfloat16,2026-08-02T08:03:10,inference,33,1.1380221550352871,24,
2080,NVIDIA GeForce RTX 2080 Ti,qwen-3b,Qwen/Qwen2.5-3B-Instruct,bfloat16,2026-08-02T08:03:10,inference,34,1.1382679818198085,24,
2080,NVIDIA GeForce RTX 2080 Ti,qwen-3b,Qwen/Qwen2.5-3B-Instruct,bfloat16,2026-08-02T08:03:10,inference,35,1.1387276938185096,24,
2080,NVIDIA GeForce RTX 2080 Ti,qwen-3b,Qwen/Qwen2.5-3B-Instruct,bfloat16,2026-08-02T08:03:10,inference,36,1.138291927985847,24,
2080,NVIDIA GeForce RTX 2080 Ti,qwen-3b,Qwen/Qwen2.5-3B-Instruct,bfloat16,2026-08-02T08:03:10,inference,37,1.146035869140178,24,
2080,NVIDIA GeForce RTX 2080 Ti,qwen-3b,Qwen/Qwen2.5-3B-Instruct,bfloat16,2026-08-02T08:03:10,inference,38,1.1434169900603592,24,
2080,NVIDIA GeForce RTX 2080 Ti,qwen-3b,Qwen/Qwen2.5-3B-Instruct,bfloat16,2026-08-02T08:03:10,inference,39,1.1372984000481665,24,
2080,NVIDIA GeForce RTX 2080 Ti,qwen-3b,Qwen/Qwen2.5-3B-Instruct,bfloat16,2026-08-02T08:03:10,inference,40,1.1386901009827852,24,
2080,NVIDIA GeForce RTX 2080 Ti,qwen-3b,Qwen/Qwen2.5-3B-Instruct,bfloat16,2026-08-02T08:03:10,inference,41,1.1390257151797414,24,
2080,NVIDIA GeForce RTX 2080 Ti,qwen-3b,Qwen/Qwen2.5-3B-Instruct,bfloat16,2026-08-02T08:03:10,inference,42,1.1406817510724068,24,
2080,NVIDIA GeForce RTX 2080 Ti,qwen-3b,Qwen/Qwen2.5-3B-Instruct,bfloat16,2026-08-02T08:03:10,inference,43,1.1393646928481758,24,
2080,NVIDIA GeForce RTX 2080 Ti,qwen-3b,Qwen/Qwen2.5-3B-Instruct,bfloat16,2026-08-02T08:03:10,inference,44,1.1419952800497413,24,
2080,NVIDIA GeForce RTX 2080 Ti,qwen-3b,Qwen/Qwen2.5-3B-Instruct,bfloat16,2026-08-02T08:03:10,inference,45,1.142995912116021,24,
2080,NVIDIA GeForce RTX 2080 Ti,qwen-3b,Qwen/Qwen2.5-3B-Instruct,bfloat16,2026-08-02T08:03:10,inference,46,1.1411506501026452,24,
2080,NVIDIA GeForce RTX 2080 Ti,qwen-3b,Qwen/Qwen2.5-3B-Instruct,bfloat16,2026-08-02T08:03:10,inference,47,1.1422515911981463,24,
2080,NVIDIA GeForce RTX 2080 Ti,qwen-3b,Qwen/Qwen2.5-3B-Instruct,bfloat16,2026-08-02T08:03:10,inference,48,1.1431329539045691,24,
2080,NVIDIA GeForce RTX 2080 Ti,qwen-3b,Qwen/Qwen2.5-3B-Instruct,bfloat16,2026-08-02T08:03:10,inference,49,1.1420421842485666,24,
2080,NVIDIA GeForce RTX 2080 Ti,qwen-3b,Qwen/Qwen2.5-3B-Instruct,bfloat16,2026-08-02T08:03:10,inference,50,1.1397407641634345,24,
2080,NVIDIA GeForce RTX 2080 Ti,qwen-3b,Qwen/Qwen2.5-3B-Instruct,bfloat16,2026-08-02T08:03:10,inference,51,1.1430610250681639,24,
2080,NVIDIA GeForce RTX 2080 Ti,qwen-3b,Qwen/Qwen2.5-3B-Instruct,bfloat16,2026-08-02T08:03:10,inference,52,1.1344645461067557,24,
2080,NVIDIA GeForce RTX 2080 Ti,qwen-3b,Qwen/Qwen2.5-3B-Instruct,bfloat16,2026-08-02T08:03:10,inference,53,1.1409499980509281,24,
2080,NVIDIA GeForce RTX 2080 Ti,qwen-3b,Qwen/Qwen2.5-3B-Instruct,bfloat16,2026-08-02T08:03:10,inference,54,1.1464930498041213,24,
2080,NVIDIA GeForce RTX 2080 Ti,qwen-3b,Qwen/Qwen2.5-3B-Instruct,bfloat16,2026-08-02T08:03:10,inference,55,1.1482006469741464,24,
2080,NVIDIA GeForce RTX 2080 Ti,qwen-3b,Qwen/Qwen2.5-3B-Instruct,bfloat16,2026-08-02T08:03:10,inference,56,1.1491424990817904,24,
2080,NVIDIA GeForce RTX 2080 Ti,qwen-3b,Qwen/Qwen2.5-3B-Instruct,bfloat16,2026-08-02T08:03:10,inference,57,1.1509482702240348,24,
2080,NVIDIA GeForce RTX 2080 Ti,qwen-3b,Qwen/Qwen2.5-3B-Instruct,bfloat16,2026-08-02T08:03:10,inference,58,1.1520882546901703,24,
2080,NVIDIA GeForce RTX 2080 Ti,qwen-3b,Qwen/Qwen2.5-3B-Instruct,bfloat16,2026-08-02T08:03:10,inference,59,1.1484845569357276,24,
2080,NVIDIA GeForce RTX 2080 Ti,qwen-3b,Qwen/Qwen2.5-3B-Instruct,bfloat16,2026-08-02T08:03:10,inference,60,1.1454296060837805,24,
2080,NVIDIA GeForce RTX 2080 Ti,qwen-3b,Qwen/Qwen2.5-3B-Instruct,bfloat16,2026-08-02T08:03:10,inference,61,1.151562015991658,24,
2080,NVIDIA GeForce RTX 2080 Ti,qwen-3b,Qwen/Qwen2.5-3B-Instruct,bfloat16,2026-08-02T08:03:10,inference,62,1.1421437067911029,24,
2080,NVIDIA GeForce RTX 2080 Ti,qwen-3b,Qwen/Qwen2.5-3B-Instruct,bfloat16,2026-08-02T08:03:10,inference,63,1.146660050842911,24,
2080,NVIDIA GeForce RTX 2080 Ti,qwen-3b,Qwen/Qwen2.5-3B-Instruct,bfloat16,2026-08-02T08:03:10,inference,64,1.1496023731306195,24,
2080,NVIDIA GeForce RTX 2080 Ti,qwen-3b,Qwen/Qwen2.5-3B-Instruct,bfloat16,2026-08-02T08:03:10,inference,65,1.1455930839292705,24,
2080,NVIDIA GeForce RTX 2080 Ti,qwen-3b,Qwen/Qwen2.5-3B-Instruct,bfloat16,2026-08-02T08:03:10,inference,66,1.1490896493196487,24,
2080,NVIDIA GeForce RTX 2080 Ti,qwen-3b,Qwen/Qwen2.5-3B-Instruct,bfloat16,2026-08-02T08:03:10,inference,67,1.1452959212474525,24,
2080,NVIDIA GeForce RTX 2080 Ti,qwen-3b,Qwen/Qwen2.5-3B-Instruct,bfloat16,2026-08-02T08:03:10,inference,68,1.1461742310784757,24,
2080,NVIDIA GeForce RTX 2080 Ti,qwen-3b,Qwen/Qwen2.5-3B-Instruct,bfloat16,2026-08-02T08:03:10,inference,69,1.1426741918548942,24,
2080,NVIDIA GeForce RTX 2080 Ti,qwen-3b,Qwen/Qwen2.5-3B-Instruct,bfloat16,2026-08-02T08:03:10,inference,70,1.1451641297899187,24,
2080,NVIDIA GeForce RTX 2080 Ti,qwen-3b,Qwen/Qwen2.5-3B-Instruct,bfloat16,2026-08-02T08:03:10,inference,71,1.1502440562471747,24,
2080,NVIDIA GeForce RTX 2080 Ti,qwen-3b,Qwen/Qwen2.5-3B-Instruct,bfloat16,2026-08-02T08:03:10,inference,72,1.1519430810585618,24,
2080,NVIDIA GeForce RTX 2080 Ti,qwen-3b,Qwen/Qwen2.5-3B-Instruct,bfloat16,2026-08-02T08:03:10,inference,73,1.1472463351674378,24,
2080,NVIDIA GeForce RTX 2080 Ti,qwen-3b,Qwen/Qwen2.5-3B-Instruct,bfloat16,2026-08-02T08:03:10,inference,74,1.1419655308127403,24,
2080,NVIDIA GeForce RTX 2080 Ti,qwen-3b,Qwen/Qwen2.5-3B-Instruct,bfloat16,2026-08-02T08:03:10,inference,75,1.1450145188719034,24,
2080,NVIDIA GeForce RTX 2080 Ti,qwen-3b,Qwen/Qwen2.5-3B-Instruct,bfloat16,2026-08-02T08:03:10,inference,76,1.1513282437808812,24,
2080,NVIDIA GeForce RTX 2080 Ti,qwen-3b,Qwen/Qwen2.5-3B-Instruct,bfloat16,2026-08-02T08:03:10,inference,77,1.1509777610190213,24,
2080,NVIDIA GeForce RTX 2080 Ti,qwen-3b,Qwen/Qwen2.5-3B-Instruct,bfloat16,2026-08-02T08:03:10,inference,78,1.1430375310592353,24,
2080,NVIDIA GeForce RTX 2080 Ti,qwen-3b,Qwen/Qwen2.5-3B-Instruct,bfloat16,2026-08-02T08:03:10,inference,79,1.149872412905097,24,
2080,NVIDIA GeForce RTX 2080 Ti,qwen-3b,Qwen/Qwen2.5-3B-Instruct,bfloat16,2026-08-02T08:03:10,inference,80,1.1436830228194594,24,
2080,NVIDIA GeForce RTX 2080 Ti,qwen-3b,Qwen/Qwen2.5-3B-Instruct,bfloat16,2026-08-02T08:03:10,inference,81,1.1433924157172441,24,
2080,NVIDIA GeForce RTX 2080 Ti,qwen-3b,Qwen/Qwen2.5-3B-Instruct,bfloat16,2026-08-02T08:03:10,inference,82,1.1495858738198876,24,
2080,NVIDIA GeForce RTX 2080 Ti,qwen-3b,Qwen/Qwen2.5-3B-Instruct,bfloat16,2026-08-02T08:03:10,inference,83,1.146611482836306,24,
2080,NVIDIA GeForce RTX 2080 Ti,qwen-3b,Qwen/Qwen2.5-3B-Instruct,bfloat16,2026-08-02T08:03:10,inference,84,1.1558993933722377,24,
2080,NVIDIA GeForce RTX 2080 Ti,qwen-3b,Qwen/Qwen2.5-3B-Instruct,bfloat16,2026-08-02T08:03:10,inference,85,1.153401643037796,24,
2080,NVIDIA GeForce RTX 2080 Ti,qwen-3b,Qwen/Qwen2.5-3B-Instruct,bfloat16,2026-08-02T08:03:10,inference,86,1.143998961430043,24,
2080,NVIDIA GeForce RTX 2080 Ti,qwen-3b,Qwen/Qwen2.5-3B-Instruct,bfloat16,2026-08-02T08:03:10,inference,87,1.1485861740075052,24,
2080,NVIDIA GeForce RTX 2080 Ti,qwen-3b,Qwen/Qwen2.5-3B-Instruct,bfloat16,2026-08-02T08:03:10,inference,88,1.1442085830494761,24,
2080,NVIDIA GeForce RTX 2080 Ti,qwen-3b,Qwen/Qwen2.5-3B-Instruct,bfloat16,2026-08-02T08:03:10,inference,89,1.1547864377498627,24,
2080,NVIDIA GeForce RTX 2080 Ti,qwen-3b,Qwen/Qwen2.5-3B-Instruct,bfloat16,2026-08-02T08:03:10,inference,90,1.1585105611011386,24,
2080,NVIDIA GeForce RTX 2080 Ti,qwen-3b,Qwen/Qwen2.5-3B-Instruct,bfloat16,2026-08-02T08:03:10,inference,91,1.1489676730707288,24,
2080,NVIDIA GeForce RTX 2080 Ti,qwen-3b,Qwen/Qwen2.5-3B-Instruct,bfloat16,2026-08-02T08:03:10,inference,92,1.1417855857871473,24,
2080,NVIDIA GeForce RTX 2080 Ti,qwen-3b,Qwen/Qwen2.5-3B-Instruct,bfloat16,2026-08-02T08:03:10,inference,93,1.1465015928260982,24,
2080,NVIDIA GeForce RTX 2080 Ti,qwen-3b,Qwen/Qwen2.5-3B-Instruct,bfloat16,2026-08-02T08:03:10,inference,94,1.1558947758749127,24,
2080,NVIDIA GeForce RTX 2080 Ti,qwen-3b,Qwen/Qwen2.5-3B-Instruct,bfloat16,2026-08-02T08:03:10,inference,95,1.1430789739824831,24,
2080,NVIDIA GeForce RTX 2080 Ti,qwen-3b,Qwen/Qwen2.5-3B-Instruct,bfloat16,2026-08-02T08:03:10,inference,96,1.1490310761146247,24,
2080,NVIDIA GeForce RTX 2080 Ti,qwen-3b,Qwen/Qwen2.5-3B-Instruct,bfloat16,2026-08-02T08:03:10,inference,97,1.1518672816455364,24,
2080,NVIDIA GeForce RTX 2080 Ti,qwen-3b,Qwen/Qwen2.5-3B-Instruct,bfloat16,2026-08-02T08:03:10,inference,98,1.1430623210035264,24,
2080,NVIDIA GeForce RTX 2080 Ti,qwen-3b,Qwen/Qwen2.5-3B-Instruct,bfloat16,2026-08-02T08:03:10,inference,99,1.1500510419718921,24,
V100,Tesla V100-PCIE-16GB,llama-1b,meta-llama/Llama-3.2-1B-Instruct,bfloat16,2026-08-02T08:51:45,load,0,2.596916323993355,0,
V100,Tesla V100-PCIE-16GB,llama-1b,meta-llama/Llama-3.2-1B-Instruct,bfloat16,2026-08-02T08:51:45,load,1,2.573357531800866,0,
V100,Tesla V100-PCIE-16GB,llama-1b,meta-llama/Llama-3.2-1B-Instruct,bfloat16,2026-08-02T08:51:45,load,2,2.545599253848195,0,
V100,Tesla V100-PCIE-16GB,llama-1b,meta-llama/Llama-3.2-1B-Instruct,bfloat16,2026-08-02T08:51:45,load,3,2.6533511243760586,0,
V100,Tesla V100-PCIE-16GB,llama-1b,meta-llama/Llama-3.2-1B-Instruct,bfloat16,2026-08-02T08:51:45,load,4,2.5659685786813498,0,
V100,Tesla V100-PCIE-16GB,llama-1b,meta-llama/Llama-3.2-1B-Instruct,bfloat16,2026-08-02T08:51:45,load,5,2.518120606895536,0,
V100,Tesla V100-PCIE-16GB,llama-1b,meta-llama/Llama-3.2-1B-Instruct,bfloat16,2026-08-02T08:51:45,load,6,2.5097634331323206,0,
V100,Tesla V100-PCIE-16GB,llama-1b,meta-llama/Llama-3.2-1B-Instruct,bfloat16,2026-08-02T08:51:45,load,7,2.529411091003567,0,
V100,Tesla V100-PCIE-16GB,llama-1b,meta-llama/Llama-3.2-1B-Instruct,bfloat16,2026-08-02T08:51:45,load,8,2.517962658777833,0,
V100,Tesla V100-PCIE-16GB,llama-1b,meta-llama/Llama-3.2-1B-Instruct,bfloat16,2026-08-02T08:51:45,load,9,2.5954842222854495,0,
V100,Tesla V100-PCIE-16GB,llama-1b,meta-llama/Llama-3.2-1B-Instruct,bfloat16,2026-08-02T08:51:45,load,10,2.501363873016089,0,
V100,Tesla V100-PCIE-16GB,llama-1b,meta-llama/Llama-3.2-1B-Instruct,bfloat16,2026-08-02T08:51:45,load,11,2.4847658718936145,0,
V100,Tesla V100-PCIE-16GB,llama-1b,meta-llama/Llama-3.2-1B-Instruct,bfloat16,2026-08-02T08:51:45,load,12,2.522791584022343,0,
V100,Tesla V100-PCIE-16GB,llama-1b,meta-llama/Llama-3.2-1B-Instruct,bfloat16,2026-08-02T08:51:45,load,13,2.5348180518485606,0,
V100,Tesla V100-PCIE-16GB,llama-1b,meta-llama/Llama-3.2-1B-Instruct,bfloat16,2026-08-02T08:51:45,load,14,2.521615471225232,0,
V100,Tesla V100-PCIE-16GB,llama-1b,meta-llama/Llama-3.2-1B-Instruct,bfloat16,2026-08-02T08:51:45,load,15,2.513267614413053,0,
V100,Tesla V100-PCIE-16GB,llama-1b,meta-llama/Llama-3.2-1B-Instruct,bfloat16,2026-08-02T08:51:45,load,16,2.5228158608078957,0,
V100,Tesla V100-PCIE-16GB,llama-1b,meta-llama/Llama-3.2-1B-Instruct,bfloat16,2026-08-02T08:51:45,load,17,2.5024324669502676,0,
V100,Tesla V100-PCIE-16GB,llama-1b,meta-llama/Llama-3.2-1B-Instruct,bfloat16,2026-08-02T08:51:45,load,18,2.494540964253247,0,
V100,Tesla V100-PCIE-16GB,llama-1b,meta-llama/Llama-3.2-1B-Instruct,bfloat16,2026-08-02T08:51:45,load,19,2.5053731431253254,0,
V100,Tesla V100-PCIE-16GB,llama-1b,meta-llama/Llama-3.2-1B-Instruct,bfloat16,2026-08-02T08:51:45,load,20,2.568128942977637,0,
V100,Tesla V100-PCIE-16GB,llama-1b,meta-llama/Llama-3.2-1B-Instruct,bfloat16,2026-08-02T08:51:45,load,21,2.545514274854213,0,
V100,Tesla V100-PCIE-16GB,llama-1b,meta-llama/Llama-3.2-1B-Instruct,bfloat16,2026-08-02T08:51:45,load,22,2.5654091676697135,0,
V100,Tesla V100-PCIE-16GB,llama-1b,meta-llama/Llama-3.2-1B-Instruct,bfloat16,2026-08-02T08:51:45,load,23,2.542616084218025,0,
V100,Tesla V100-PCIE-16GB,llama-1b,meta-llama/Llama-3.2-1B-Instruct,bfloat16,2026-08-02T08:51:45,load,24,2.551881164778024,0,
V100,Tesla V100-PCIE-16GB,llama-1b,meta-llama/Llama-3.2-1B-Instruct,bfloat16,2026-08-02T08:51:45,load,25,2.537000854033977,0,
V100,Tesla V100-PCIE-16GB,llama-1b,meta-llama/Llama-3.2-1B-Instruct,bfloat16,2026-08-02T08:51:45,load,26,2.698673762846738,0,
V100,Tesla V100-PCIE-16GB,llama-1b,meta-llama/Llama-3.2-1B-Instruct,bfloat16,2026-08-02T08:51:45,load,27,2.591606286354363,0,
V100,Tesla V100-PCIE-16GB,llama-1b,meta-llama/Llama-3.2-1B-Instruct,bfloat16,2026-08-02T08:51:45,load,28,2.5063734431751072,0,
V100,Tesla V100-PCIE-16GB,llama-1b,meta-llama/Llama-3.2-1B-Instruct,bfloat16,2026-08-02T08:51:45,load,29,2.5333546516485512,0,
V100,Tesla V100-PCIE-16GB,llama-1b,meta-llama/Llama-3.2-1B-Instruct,bfloat16,2026-08-02T08:51:45,load,30,2.573897855821997,0,
V100,Tesla V100-PCIE-16GB,llama-1b,meta-llama/Llama-3.2-1B-Instruct,bfloat16,2026-08-02T08:51:45,load,31,2.5500680580735207,0,
V100,Tesla V100-PCIE-16GB,llama-1b,meta-llama/Llama-3.2-1B-Instruct,bfloat16,2026-08-02T08:51:45,load,32,2.53356900671497,0,
V100,Tesla V100-PCIE-16GB,llama-1b,meta-llama/Llama-3.2-1B-Instruct,bfloat16,2026-08-02T08:51:45,load,33,2.5336883077397943,0,
V100,Tesla V100-PCIE-16GB,llama-1b,meta-llama/Llama-3.2-1B-Instruct,bfloat16,2026-08-02T08:51:45,load,34,2.573588493745774,0,
V100,Tesla V100-PCIE-16GB,llama-1b,meta-llama/Llama-3.2-1B-Instruct,bfloat16,2026-08-02T08:51:45,load,35,2.536740099079907,0,
V100,Tesla V100-PCIE-16GB,llama-1b,meta-llama/Llama-3.2-1B-Instruct,bfloat16,2026-08-02T08:51:45,load,36,2.5493513429537416,0,
V100,Tesla V100-PCIE-16GB,llama-1b,meta-llama/Llama-3.2-1B-Instruct,bfloat16,2026-08-02T08:51:45,load,37,2.5689123421907425,0,
V100,Tesla V100-PCIE-16GB,llama-1b,meta-llama/Llama-3.2-1B-Instruct,bfloat16,2026-08-02T08:51:45,load,38,2.4983909097500145,0,
V100,Tesla V100-PCIE-16GB,llama-1b,meta-llama/Llama-3.2-1B-Instruct,bfloat16,2026-08-02T08:51:45,load,39,2.494751827791333,0,
V100,Tesla V100-PCIE-16GB,llama-1b,meta-llama/Llama-3.2-1B-Instruct,bfloat16,2026-08-02T08:51:45,load,40,2.528168688993901,0,
V100,Tesla V100-PCIE-16GB,llama-1b,meta-llama/Llama-3.2-1B-Instruct,bfloat16,2026-08-02T08:51:45,load,41,2.772918292786926,0,
V100,Tesla V100-PCIE-16GB,llama-1b,meta-llama/Llama-3.2-1B-Instruct,bfloat16,2026-08-02T08:51:45,load,42,2.5301122376695275,0,
V100,Tesla V100-PCIE-16GB,llama-1b,meta-llama/Llama-3.2-1B-Instruct,bfloat16,2026-08-02T08:51:45,load,43,2.52381343068555,0,
V100,Tesla V100-PCIE-16GB,llama-1b,meta-llama/Llama-3.2-1B-Instruct,bfloat16,2026-08-02T08:51:45,load,44,2.6626167809590697,0,
V100,Tesla V100-PCIE-16GB,llama-1b,meta-llama/Llama-3.2-1B-Instruct,bfloat16,2026-08-02T08:51:45,load,45,2.4974392699077725,0,
V100,Tesla V100-PCIE-16GB,llama-1b,meta-llama/Llama-3.2-1B-Instruct,bfloat16,2026-08-02T08:51:45,load,46,2.523651445750147,0,
V100,Tesla V100-PCIE-16GB,llama-1b,meta-llama/Llama-3.2-1B-Instruct,bfloat16,2026-08-02T08:51:45,load,47,2.516171885188669,0,
V100,Tesla V100-PCIE-16GB,llama-1b,meta-llama/Llama-3.2-1B-Instruct,bfloat16,2026-08-02T08:51:45,load,48,2.536525571718812,0,
V100,Tesla V100-PCIE-16GB,llama-1b,meta-llama/Llama-3.2-1B-Instruct,bfloat16,2026-08-02T08:51:45,load,49,2.5193323493003845,0,
V100,Tesla V100-PCIE-16GB,llama-1b,meta-llama/Llama-3.2-1B-Instruct,bfloat16,2026-08-02T08:51:45,load,50,2.566500468645245,0,
V100,Tesla V100-PCIE-16GB,llama-1b,meta-llama/Llama-3.2-1B-Instruct,bfloat16,2026-08-02T08:51:45,load,51,2.5434868200682104,0,
V100,Tesla V100-PCIE-16GB,llama-1b,meta-llama/Llama-3.2-1B-Instruct,bfloat16,2026-08-02T08:51:45,load,52,2.598455328028649,0,
V100,Tesla V100-PCIE-16GB,llama-1b,meta-llama/Llama-3.2-1B-Instruct,bfloat16,2026-08-02T08:51:45,load,53,2.5515178949572146,0,
V100,Tesla V100-PCIE-16GB,llama-1b,meta-llama/Llama-3.2-1B-Instruct,bfloat16,2026-08-02T08:51:45,load,54,2.4969440060667694,0,
V100,Tesla V100-PCIE-16GB,llama-1b,meta-llama/Llama-3.2-1B-Instruct,bfloat16,2026-08-02T08:51:45,load,55,2.5010282932780683,0,
V100,Tesla V100-PCIE-16GB,llama-1b,meta-llama/Llama-3.2-1B-Instruct,bfloat16,2026-08-02T08:51:45,load,56,2.52965054102242,0,
V100,Tesla V100-PCIE-16GB,llama-1b,meta-llama/Llama-3.2-1B-Instruct,bfloat16,2026-08-02T08:51:45,load,57,2.5382619188167155,0,
V100,Tesla V100-PCIE-16GB,llama-1b,meta-llama/Llama-3.2-1B-Instruct,bfloat16,2026-08-02T08:51:45,load,58,2.5228406470268965,0,
V100,Tesla V100-PCIE-16GB,llama-1b,meta-llama/Llama-3.2-1B-Instruct,bfloat16,2026-08-02T08:51:45,load,59,2.5246713520027697,0,
V100,Tesla V100-PCIE-16GB,llama-1b,meta-llama/Llama-3.2-1B-Instruct,bfloat16,2026-08-02T08:51:45,load,60,2.5217024460434914,0,
V100,Tesla V100-PCIE-16GB,llama-1b,meta-llama/Llama-3.2-1B-Instruct,bfloat16,2026-08-02T08:51:45,load,61,2.522516008000821,0,
V100,Tesla V100-PCIE-16GB,llama-1b,meta-llama/Llama-3.2-1B-Instruct,bfloat16,2026-08-02T08:51:45,load,62,2.772780530154705,0,
V100,Tesla V100-PCIE-16GB,llama-1b,meta-llama/Llama-3.2-1B-Instruct,bfloat16,2026-08-02T08:51:45,load,63,2.5445867092348635,0,
V100,Tesla V100-PCIE-16GB,llama-1b,meta-llama/Llama-3.2-1B-Instruct,bfloat16,2026-08-02T08:51:45,load,64,2.5017407778650522,0,
V100,Tesla V100-PCIE-16GB,llama-1b,meta-llama/Llama-3.2-1B-Instruct,bfloat16,2026-08-02T08:51:45,load,65,2.531838158145547,0,
V100,Tesla V100-PCIE-16GB,llama-1b,meta-llama/Llama-3.2-1B-Instruct,bfloat16,2026-08-02T08:51:45,load,66,2.519665946252644,0,
V100,Tesla V100-PCIE-16GB,llama-1b,meta-llama/Llama-3.2-1B-Instruct,bfloat16,2026-08-02T08:51:45,load,67,2.5849751480855048,0,
V100,Tesla V100-PCIE-16GB,llama-1b,meta-llama/Llama-3.2-1B-Instruct,bfloat16,2026-08-02T08:51:45,load,68,2.546688498929143,0,
V100,Tesla V100-PCIE-16GB,llama-1b,meta-llama/Llama-3.2-1B-Instruct,bfloat16,2026-08-02T08:51:45,load,69,2.5114656519144773,0,
V100,Tesla V100-PCIE-16GB,llama-1b,meta-llama/Llama-3.2-1B-Instruct,bfloat16,2026-08-02T08:51:45,load,70,2.5200514011085033,0,
V100,Tesla V100-PCIE-16GB,llama-1b,meta-llama/Llama-3.2-1B-Instruct,bfloat16,2026-08-02T08:51:45,load,71,2.5030633751302958,0,
V100,Tesla V100-PCIE-16GB,llama-1b,meta-llama/Llama-3.2-1B-Instruct,bfloat16,2026-08-02T08:51:45,load,72,2.5741586228832603,0,
V100,Tesla V100-PCIE-16GB,llama-1b,meta-llama/Llama-3.2-1B-Instruct,bfloat16,2026-08-02T08:51:45,load,73,2.5843991390429437,0,
V100,Tesla V100-PCIE-16GB,llama-1b,meta-llama/Llama-3.2-1B-Instruct,bfloat16,2026-08-02T08:51:45,load,74,2.5027173957787454,0,
V100,Tesla V100-PCIE-16GB,llama-1b,meta-llama/Llama-3.2-1B-Instruct,bfloat16,2026-08-02T08:51:45,load,75,2.490181128960103,0,
V100,Tesla V100-PCIE-16GB,llama-1b,meta-llama/Llama-3.2-1B-Instruct,bfloat16,2026-08-02T08:51:45,load,76,2.4735615579411387,0,
V100,Tesla V100-PCIE-16GB,llama-1b,meta-llama/Llama-3.2-1B-Instruct,bfloat16,2026-08-02T08:51:45,load,77,2.5230225129052997,0,
V100,Tesla V100-PCIE-16GB,llama-1b,meta-llama/Llama-3.2-1B-Instruct,bfloat16,2026-08-02T08:51:45,load,78,2.50916337268427,0,
V100,Tesla V100-PCIE-16GB,llama-1b,meta-llama/Llama-3.2-1B-Instruct,bfloat16,2026-08-02T08:51:45,load,79,2.5099121262319386,0,
V100,Tesla V100-PCIE-16GB,llama-1b,meta-llama/Llama-3.2-1B-Instruct,bfloat16,2026-08-02T08:51:45,load,80,2.4910864140838385,0,
V100,Tesla V100-PCIE-16GB,llama-1b,meta-llama/Llama-3.2-1B-Instruct,bfloat16,2026-08-02T08:51:45,load,81,2.545530240982771,0,
V100,Tesla V100-PCIE-16GB,llama-1b,meta-llama/Llama-3.2-1B-Instruct,bfloat16,2026-08-02T08:51:45,load,82,2.521600835956633,0,
V100,Tesla V100-PCIE-16GB,llama-1b,meta-llama/Llama-3.2-1B-Instruct,bfloat16,2026-08-02T08:51:45,load,83,2.4965321077033877,0,
V100,Tesla V100-PCIE-16GB,llama-1b,meta-llama/Llama-3.2-1B-Instruct,bfloat16,2026-08-02T08:51:45,load,84,2.5030540078878403,0,
V100,Tesla V100-PCIE-16GB,llama-1b,meta-llama/Llama-3.2-1B-Instruct,bfloat16,2026-08-02T08:51:45,load,85,2.4943755911663175,0,
V100,Tesla V100-PCIE-16GB,llama-1b,meta-llama/Llama-3.2-1B-Instruct,bfloat16,2026-08-02T08:51:45,load,86,2.527842011768371,0,
V100,Tesla V100-PCIE-16GB,llama-1b,meta-llama/Llama-3.2-1B-Instruct,bfloat16,2026-08-02T08:51:45,load,87,2.4816813389770687,0,
V100,Tesla V100-PCIE-16GB,llama-1b,meta-llama/Llama-3.2-1B-Instruct,bfloat16,2026-08-02T08:51:45,load,88,2.519060242921114,0,
V100,Tesla V100-PCIE-16GB,llama-1b,meta-llama/Llama-3.2-1B-Instruct,bfloat16,2026-08-02T08:51:45,load,89,2.5535681848414242,0,
V100,Tesla V100-PCIE-16GB,llama-1b,meta-llama/Llama-3.2-1B-Instruct,bfloat16,2026-08-02T08:51:45,load,90,2.511854867916554,0,
V100,Tesla V100-PCIE-16GB,llama-1b,meta-llama/Llama-3.2-1B-Instruct,bfloat16,2026-08-02T08:51:45,load,91,2.5496446271426976,0,
V100,Tesla V100-PCIE-16GB,llama-1b,meta-llama/Llama-3.2-1B-Instruct,bfloat16,2026-08-02T08:51:45,load,92,2.583100221119821,0,
V100,Tesla V100-PCIE-16GB,llama-1b,meta-llama/Llama-3.2-1B-Instruct,bfloat16,2026-08-02T08:51:45,load,93,2.4832591922022402,0,
V100,Tesla V100-PCIE-16GB,llama-1b,meta-llama/Llama-3.2-1B-Instruct,bfloat16,2026-08-02T08:51:45,load,94,2.5341081842780113,0,
V100,Tesla V100-PCIE-16GB,llama-1b,meta-llama/Llama-3.2-1B-Instruct,bfloat16,2026-08-02T08:51:45,load,95,2.477073886897415,0,
V100,Tesla V100-PCIE-16GB,llama-1b,meta-llama/Llama-3.2-1B-Instruct,bfloat16,2026-08-02T08:51:45,load,96,2.511175623163581,0,
V100,Tesla V100-PCIE-16GB,llama-1b,meta-llama/Llama-3.2-1B-Instruct,bfloat16,2026-08-02T08:51:45,load,97,2.543127912096679,0,
V100,Tesla V100-PCIE-16GB,llama-1b,meta-llama/Llama-3.2-1B-Instruct,bfloat16,2026-08-02T08:51:45,load,98,2.7707687318325043,0,
V100,Tesla V100-PCIE-16GB,llama-1b,meta-llama/Llama-3.2-1B-Instruct,bfloat16,2026-08-02T08:51:45,load,99,2.531932258978486,0,
V100,Tesla V100-PCIE-16GB,llama-1b,meta-llama/Llama-3.2-1B-Instruct,bfloat16,2026-08-02T08:51:45,inference,0,0.6344063351862133,24,
V100,Tesla V100-PCIE-16GB,llama-1b,meta-llama/Llama-3.2-1B-Instruct,bfloat16,2026-08-02T08:51:45,inference,1,0.6324064047075808,24,
V100,Tesla V100-PCIE-16GB,llama-1b,meta-llama/Llama-3.2-1B-Instruct,bfloat16,2026-08-02T08:51:45,inference,2,0.6329710688441992,24,
V100,Tesla V100-PCIE-16GB,llama-1b,meta-llama/Llama-3.2-1B-Instruct,bfloat16,2026-08-02T08:51:45,inference,3,0.6328049041330814,24,
V100,Tesla V100-PCIE-16GB,llama-1b,meta-llama/Llama-3.2-1B-Instruct,bfloat16,2026-08-02T08:51:45,inference,4,0.6330119050107896,24,
V100,Tesla V100-PCIE-16GB,llama-1b,meta-llama/Llama-3.2-1B-Instruct,bfloat16,2026-08-02T08:51:45,inference,5,0.6324848788790405,24,
V100,Tesla V100-PCIE-16GB,llama-1b,meta-llama/Llama-3.2-1B-Instruct,bfloat16,2026-08-02T08:51:45,inference,6,0.6325573450885713,24,
V100,Tesla V100-PCIE-16GB,llama-1b,meta-llama/Llama-3.2-1B-Instruct,bfloat16,2026-08-02T08:51:45,inference,7,0.6325045190751553,24,
V100,Tesla V100-PCIE-16GB,llama-1b,meta-llama/Llama-3.2-1B-Instruct,bfloat16,2026-08-02T08:51:45,inference,8,0.6324362503364682,24,
V100,Tesla V100-PCIE-16GB,llama-1b,meta-llama/Llama-3.2-1B-Instruct,bfloat16,2026-08-02T08:51:45,inference,9,0.6333176670596004,24,
V100,Tesla V100-PCIE-16GB,llama-1b,meta-llama/Llama-3.2-1B-Instruct,bfloat16,2026-08-02T08:51:45,inference,10,0.6324728480540216,24,
V100,Tesla V100-PCIE-16GB,llama-1b,meta-llama/Llama-3.2-1B-Instruct,bfloat16,2026-08-02T08:51:45,inference,11,0.6327395681291819,24,
V100,Tesla V100-PCIE-16GB,llama-1b,meta-llama/Llama-3.2-1B-Instruct,bfloat16,2026-08-02T08:51:45,inference,12,0.631935081910342,24,
V100,Tesla V100-PCIE-16GB,llama-1b,meta-llama/Llama-3.2-1B-Instruct,bfloat16,2026-08-02T08:51:45,inference,13,0.6327227829024196,24,
V100,Tesla V100-PCIE-16GB,llama-1b,meta-llama/Llama-3.2-1B-Instruct,bfloat16,2026-08-02T08:51:45,inference,14,0.6320491516962647,24,
V100,Tesla V100-PCIE-16GB,llama-1b,meta-llama/Llama-3.2-1B-Instruct,bfloat16,2026-08-02T08:51:45,inference,15,0.6314663179218769,24,
V100,Tesla V100-PCIE-16GB,llama-1b,meta-llama/Llama-3.2-1B-Instruct,bfloat16,2026-08-02T08:51:45,inference,16,0.632625768892467,24,
V100,Tesla V100-PCIE-16GB,llama-1b,meta-llama/Llama-3.2-1B-Instruct,bfloat16,2026-08-02T08:51:45,inference,17,0.6344566899351776,24,
V100,Tesla V100-PCIE-16GB,llama-1b,meta-llama/Llama-3.2-1B-Instruct,bfloat16,2026-08-02T08:51:45,inference,18,0.631956054829061,24,
V100,Tesla V100-PCIE-16GB,llama-1b,meta-llama/Llama-3.2-1B-Instruct,bfloat16,2026-08-02T08:51:45,inference,19,0.6321465261280537,24,
V100,Tesla V100-PCIE-16GB,llama-1b,meta-llama/Llama-3.2-1B-Instruct,bfloat16,2026-08-02T08:51:45,inference,20,0.6321965558454394,24,
V100,Tesla V100-PCIE-16GB,llama-1b,meta-llama/Llama-3.2-1B-Instruct,bfloat16,2026-08-02T08:51:45,inference,21,0.6320734173059464,24,
V100,Tesla V100-PCIE-16GB,llama-1b,meta-llama/Llama-3.2-1B-Instruct,bfloat16,2026-08-02T08:51:45,inference,22,0.6344097121618688,24,
V100,Tesla V100-PCIE-16GB,llama-1b,meta-llama/Llama-3.2-1B-Instruct,bfloat16,2026-08-02T08:51:45,inference,23,0.6480750809423625,24,
V100,Tesla V100-PCIE-16GB,llama-1b,meta-llama/Llama-3.2-1B-Instruct,bfloat16,2026-08-02T08:51:45,inference,24,0.6322831930592656,24,
V100,Tesla V100-PCIE-16GB,llama-1b,meta-llama/Llama-3.2-1B-Instruct,bfloat16,2026-08-02T08:51:45,inference,25,0.6333656730130315,24,
V100,Tesla V100-PCIE-16GB,llama-1b,meta-llama/Llama-3.2-1B-Instruct,bfloat16,2026-08-02T08:51:45,inference,26,0.6317457612603903,24,
V100,Tesla V100-PCIE-16GB,llama-1b,meta-llama/Llama-3.2-1B-Instruct,bfloat16,2026-08-02T08:51:45,inference,27,0.6319015431217849,24,
V100,Tesla V100-PCIE-16GB,llama-1b,meta-llama/Llama-3.2-1B-Instruct,bfloat16,2026-08-02T08:51:45,inference,28,0.6320025152526796,24,
V100,Tesla V100-PCIE-16GB,llama-1b,meta-llama/Llama-3.2-1B-Instruct,bfloat16,2026-08-02T08:51:45,inference,29,0.632639882620424,24,
V100,Tesla V100-PCIE-16GB,llama-1b,meta-llama/Llama-3.2-1B-Instruct,bfloat16,2026-08-02T08:51:45,inference,30,0.6322418749332428,24,
V100,Tesla V100-PCIE-16GB,llama-1b,meta-llama/Llama-3.2-1B-Instruct,bfloat16,2026-08-02T08:51:45,inference,31,0.6322199879214168,24,
V100,Tesla V100-PCIE-16GB,llama-1b,meta-llama/Llama-3.2-1B-Instruct,bfloat16,2026-08-02T08:51:45,inference,32,0.6321982913650572,24,
V100,Tesla V100-PCIE-16GB,llama-1b,meta-llama/Llama-3.2-1B-Instruct,bfloat16,2026-08-02T08:51:45,inference,33,0.6321687810122967,24,
V100,Tesla V100-PCIE-16GB,llama-1b,meta-llama/Llama-3.2-1B-Instruct,bfloat16,2026-08-02T08:51:45,inference,34,0.6314117070287466,24,
V100,Tesla V100-PCIE-16GB,llama-1b,meta-llama/Llama-3.2-1B-Instruct,bfloat16,2026-08-02T08:51:45,inference,35,0.6349970703013241,24,
V100,Tesla V100-PCIE-16GB,llama-1b,meta-llama/Llama-3.2-1B-Instruct,bfloat16,2026-08-02T08:51:45,inference,36,0.6322353291325271,24,
V100,Tesla V100-PCIE-16GB,llama-1b,meta-llama/Llama-3.2-1B-Instruct,bfloat16,2026-08-02T08:51:45,inference,37,0.6317132231779397,24,
V100,Tesla V100-PCIE-16GB,llama-1b,meta-llama/Llama-3.2-1B-Instruct,bfloat16,2026-08-02T08:51:45,inference,38,0.6321542682126164,24,
V100,Tesla V100-PCIE-16GB,llama-1b,meta-llama/Llama-3.2-1B-Instruct,bfloat16,2026-08-02T08:51:45,inference,39,0.6318749710917473,24,
V100,Tesla V100-PCIE-16GB,llama-1b,meta-llama/Llama-3.2-1B-Instruct,bfloat16,2026-08-02T08:51:45,inference,40,0.632298668846488,24,
V100,Tesla V100-PCIE-16GB,llama-1b,meta-llama/Llama-3.2-1B-Instruct,bfloat16,2026-08-02T08:51:45,inference,41,0.6321520702913404,24,
V100,Tesla V100-PCIE-16GB,llama-1b,meta-llama/Llama-3.2-1B-Instruct,bfloat16,2026-08-02T08:51:45,inference,42,0.6319791851565242,24,
V100,Tesla V100-PCIE-16GB,llama-1b,meta-llama/Llama-3.2-1B-Instruct,bfloat16,2026-08-02T08:51:45,inference,43,0.6319445129483938,24,
V100,Tesla V100-PCIE-16GB,llama-1b,meta-llama/Llama-3.2-1B-Instruct,bfloat16,2026-08-02T08:51:45,inference,44,0.6317326771095395,24,
V100,Tesla V100-PCIE-16GB,llama-1b,meta-llama/Llama-3.2-1B-Instruct,bfloat16,2026-08-02T08:51:45,inference,45,0.6317150979302824,24,
V100,Tesla V100-PCIE-16GB,llama-1b,meta-llama/Llama-3.2-1B-Instruct,bfloat16,2026-08-02T08:51:45,inference,46,0.632365255150944,24,
V100,Tesla V100-PCIE-16GB,llama-1b,meta-llama/Llama-3.2-1B-Instruct,bfloat16,2026-08-02T08:51:45,inference,47,0.6478207218460739,24,
V100,Tesla V100-PCIE-16GB,llama-1b,meta-llama/Llama-3.2-1B-Instruct,bfloat16,2026-08-02T08:51:45,inference,48,0.6323513309471309,24,
V100,Tesla V100-PCIE-16GB,llama-1b,meta-llama/Llama-3.2-1B-Instruct,bfloat16,2026-08-02T08:51:45,inference,49,0.6320221638306975,24,
V100,Tesla V100-PCIE-16GB,llama-1b,meta-llama/Llama-3.2-1B-Instruct,bfloat16,2026-08-02T08:51:45,inference,50,0.6323974840342999,24,
V100,Tesla V100-PCIE-16GB,llama-1b,meta-llama/Llama-3.2-1B-Instruct,bfloat16,2026-08-02T08:51:45,inference,51,0.6326040546409786,24,
V100,Tesla V100-PCIE-16GB,llama-1b,meta-llama/Llama-3.2-1B-Instruct,bfloat16,2026-08-02T08:51:45,inference,52,0.6326759019866586,24,
V100,Tesla V100-PCIE-16GB,llama-1b,meta-llama/Llama-3.2-1B-Instruct,bfloat16,2026-08-02T08:51:45,inference,53,0.6323057841509581,24,
V100,Tesla V100-PCIE-16GB,llama-1b,meta-llama/Llama-3.2-1B-Instruct,bfloat16,2026-08-02T08:51:45,inference,54,0.6332135270349681,24,
V100,Tesla V100-PCIE-16GB,llama-1b,meta-llama/Llama-3.2-1B-Instruct,bfloat16,2026-08-02T08:51:45,inference,55,0.6322215250693262,24,
V100,Tesla V100-PCIE-16GB,llama-1b,meta-llama/Llama-3.2-1B-Instruct,bfloat16,2026-08-02T08:51:45,inference,56,0.6324623920954764,24,
V100,Tesla V100-PCIE-16GB,llama-1b,meta-llama/Llama-3.2-1B-Instruct,bfloat16,2026-08-02T08:51:45,inference,57,0.6321085342206061,24,
V100,Tesla V100-PCIE-16GB,llama-1b,meta-llama/Llama-3.2-1B-Instruct,bfloat16,2026-08-02T08:51:45,inference,58,0.6315313288941979,24,
V100,Tesla V100-PCIE-16GB,llama-1b,meta-llama/Llama-3.2-1B-Instruct,bfloat16,2026-08-02T08:51:45,inference,59,0.6330824070610106,24,
V100,Tesla V100-PCIE-16GB,llama-1b,meta-llama/Llama-3.2-1B-Instruct,bfloat16,2026-08-02T08:51:45,inference,60,0.634185723029077,24,
V100,Tesla V100-PCIE-16GB,llama-1b,meta-llama/Llama-3.2-1B-Instruct,bfloat16,2026-08-02T08:51:45,inference,61,0.6334429099224508,24,
V100,Tesla V100-PCIE-16GB,llama-1b,meta-llama/Llama-3.2-1B-Instruct,bfloat16,2026-08-02T08:51:45,inference,62,0.6333618820644915,24,
V100,Tesla V100-PCIE-16GB,llama-1b,meta-llama/Llama-3.2-1B-Instruct,bfloat16,2026-08-02T08:51:45,inference,63,0.6343321981839836,24,
V100,Tesla V100-PCIE-16GB,llama-1b,meta-llama/Llama-3.2-1B-Instruct,bfloat16,2026-08-02T08:51:45,inference,64,0.634114664979279,24,
V100,Tesla V100-PCIE-16GB,llama-1b,meta-llama/Llama-3.2-1B-Instruct,bfloat16,2026-08-02T08:51:45,inference,65,0.63311826903373,24,
V100,Tesla V100-PCIE-16GB,llama-1b,meta-llama/Llama-3.2-1B-Instruct,bfloat16,2026-08-02T08:51:45,inference,66,0.6335016069933772,24,
V100,Tesla V100-PCIE-16GB,llama-1b,meta-llama/Llama-3.2-1B-Instruct,bfloat16,2026-08-02T08:51:45,inference,67,0.6342612653970718,24,
V100,Tesla V100-PCIE-16GB,llama-1b,meta-llama/Llama-3.2-1B-Instruct,bfloat16,2026-08-02T08:51:45,inference,68,0.6353483782149851,24,
V100,Tesla V100-PCIE-16GB,llama-1b,meta-llama/Llama-3.2-1B-Instruct,bfloat16,2026-08-02T08:51:45,inference,69,0.6331652826629579,24,
V100,Tesla V100-PCIE-16GB,llama-1b,meta-llama/Llama-3.2-1B-Instruct,bfloat16,2026-08-02T08:51:45,inference,70,0.6370303588919342,24,
V100,Tesla V100-PCIE-16GB,llama-1b,meta-llama/Llama-3.2-1B-Instruct,bfloat16,2026-08-02T08:51:45,inference,71,0.63446158869192,24,
V100,Tesla V100-PCIE-16GB,llama-1b,meta-llama/Llama-3.2-1B-Instruct,bfloat16,2026-08-02T08:51:45,inference,72,0.6416488452814519,24,
V100,Tesla V100-PCIE-16GB,llama-1b,meta-llama/Llama-3.2-1B-Instruct,bfloat16,2026-08-02T08:51:45,inference,73,0.6334301591850817,24,
V100,Tesla V100-PCIE-16GB,llama-1b,meta-llama/Llama-3.2-1B-Instruct,bfloat16,2026-08-02T08:51:45,inference,74,0.6338803791441023,24,
V100,Tesla V100-PCIE-16GB,llama-1b,meta-llama/Llama-3.2-1B-Instruct,bfloat16,2026-08-02T08:51:45,inference,75,0.6327616800554097,24,
V100,Tesla V100-PCIE-16GB,llama-1b,meta-llama/Llama-3.2-1B-Instruct,bfloat16,2026-08-02T08:51:45,inference,76,0.6332298410125077,24,
V100,Tesla V100-PCIE-16GB,llama-1b,meta-llama/Llama-3.2-1B-Instruct,bfloat16,2026-08-02T08:51:45,inference,77,0.6328821880742908,24,
V100,Tesla V100-PCIE-16GB,llama-1b,meta-llama/Llama-3.2-1B-Instruct,bfloat16,2026-08-02T08:51:45,inference,78,0.6327971341088414,24,
V100,Tesla V100-PCIE-16GB,llama-1b,meta-llama/Llama-3.2-1B-Instruct,bfloat16,2026-08-02T08:51:45,inference,79,0.6342816748656332,24,
V100,Tesla V100-PCIE-16GB,llama-1b,meta-llama/Llama-3.2-1B-Instruct,bfloat16,2026-08-02T08:51:45,inference,80,0.6328666592016816,24,
V100,Tesla V100-PCIE-16GB,llama-1b,meta-llama/Llama-3.2-1B-Instruct,bfloat16,2026-08-02T08:51:45,inference,81,0.6330690472386777,24,
V100,Tesla V100-PCIE-16GB,llama-1b,meta-llama/Llama-3.2-1B-Instruct,bfloat16,2026-08-02T08:51:45,inference,82,0.6330572441220284,24,
V100,Tesla V100-PCIE-16GB,llama-1b,meta-llama/Llama-3.2-1B-Instruct,bfloat16,2026-08-02T08:51:45,inference,83,0.6329774330370128,24,
V100,Tesla V100-PCIE-16GB,llama-1b,meta-llama/Llama-3.2-1B-Instruct,bfloat16,2026-08-02T08:51:45,inference,84,0.6339135700836778,24,
V100,Tesla V100-PCIE-16GB,llama-1b,meta-llama/Llama-3.2-1B-Instruct,bfloat16,2026-08-02T08:51:45,inference,85,0.6329554948024452,24,
V100,Tesla V100-PCIE-16GB,llama-1b,meta-llama/Llama-3.2-1B-Instruct,bfloat16,2026-08-02T08:51:45,inference,86,0.633406070061028,24,
V100,Tesla V100-PCIE-16GB,llama-1b,meta-llama/Llama-3.2-1B-Instruct,bfloat16,2026-08-02T08:51:45,inference,87,0.632809585891664,24,
V100,Tesla V100-PCIE-16GB,llama-1b,meta-llama/Llama-3.2-1B-Instruct,bfloat16,2026-08-02T08:51:45,inference,88,0.6322811478748918,24,
V100,Tesla V100-PCIE-16GB,llama-1b,meta-llama/Llama-3.2-1B-Instruct,bfloat16,2026-08-02T08:51:45,inference,89,0.6327020181342959,24,
V100,Tesla V100-PCIE-16GB,llama-1b,meta-llama/Llama-3.2-1B-Instruct,bfloat16,2026-08-02T08:51:45,inference,90,0.6321831671521068,24,
V100,Tesla V100-PCIE-16GB,llama-1b,meta-llama/Llama-3.2-1B-Instruct,bfloat16,2026-08-02T08:51:45,inference,91,0.6312538110651076,24,
V100,Tesla V100-PCIE-16GB,llama-1b,meta-llama/Llama-3.2-1B-Instruct,bfloat16,2026-08-02T08:51:45,inference,92,0.632832677103579,24,
V100,Tesla V100-PCIE-16GB,llama-1b,meta-llama/Llama-3.2-1B-Instruct,bfloat16,2026-08-02T08:51:45,inference,93,0.6330570350401103,24,
V100,Tesla V100-PCIE-16GB,llama-1b,meta-llama/Llama-3.2-1B-Instruct,bfloat16,2026-08-02T08:51:45,inference,94,0.6355282538570464,24,
V100,Tesla V100-PCIE-16GB,llama-1b,meta-llama/Llama-3.2-1B-Instruct,bfloat16,2026-08-02T08:51:45,inference,95,0.6329622818157077,24,
V100,Tesla V100-PCIE-16GB,llama-1b,meta-llama/Llama-3.2-1B-Instruct,bfloat16,2026-08-02T08:51:45,inference,96,0.63308076094836,24,
V100,Tesla V100-PCIE-16GB,llama-1b,meta-llama/Llama-3.2-1B-Instruct,bfloat16,2026-08-02T08:51:45,inference,97,0.6323604523204267,24,
V100,Tesla V100-PCIE-16GB,llama-1b,meta-llama/Llama-3.2-1B-Instruct,bfloat16,2026-08-02T08:51:45,inference,98,0.6323440028354526,24,
V100,Tesla V100-PCIE-16GB,llama-1b,meta-llama/Llama-3.2-1B-Instruct,bfloat16,2026-08-02T08:51:45,inference,99,0.6321046920493245,24,
V100,Tesla V100-PCIE-16GB,llama-3b,meta-llama/Llama-3.2-3B-Instruct,bfloat16,2026-08-02T08:51:45,load,0,4.7406315128318965,0,
V100,Tesla V100-PCIE-16GB,llama-3b,meta-llama/Llama-3.2-3B-Instruct,bfloat16,2026-08-02T08:51:45,load,1,4.493136771954596,0,
V100,Tesla V100-PCIE-16GB,llama-3b,meta-llama/Llama-3.2-3B-Instruct,bfloat16,2026-08-02T08:51:45,load,2,4.44848924735561,0,
V100,Tesla V100-PCIE-16GB,llama-3b,meta-llama/Llama-3.2-3B-Instruct,bfloat16,2026-08-02T08:51:45,load,3,4.447565431240946,0,
V100,Tesla V100-PCIE-16GB,llama-3b,meta-llama/Llama-3.2-3B-Instruct,bfloat16,2026-08-02T08:51:45,load,4,4.689812076743692,0,
V100,Tesla V100-PCIE-16GB,llama-3b,meta-llama/Llama-3.2-3B-Instruct,bfloat16,2026-08-02T08:51:45,load,5,4.77119000069797,0,
V100,Tesla V100-PCIE-16GB,llama-3b,meta-llama/Llama-3.2-3B-Instruct,bfloat16,2026-08-02T08:51:45,load,6,4.735139784403145,0,
V100,Tesla V100-PCIE-16GB,llama-3b,meta-llama/Llama-3.2-3B-Instruct,bfloat16,2026-08-02T08:51:45,load,7,4.662964515853673,0,
V100,Tesla V100-PCIE-16GB,llama-3b,meta-llama/Llama-3.2-3B-Instruct,bfloat16,2026-08-02T08:51:45,load,8,4.667411852162331,0,
V100,Tesla V100-PCIE-16GB,llama-3b,meta-llama/Llama-3.2-3B-Instruct,bfloat16,2026-08-02T08:51:45,load,9,4.53004303900525,0,
V100,Tesla V100-PCIE-16GB,llama-3b,meta-llama/Llama-3.2-3B-Instruct,bfloat16,2026-08-02T08:51:45,load,10,4.467797860037535,0,
V100,Tesla V100-PCIE-16GB,llama-3b,meta-llama/Llama-3.2-3B-Instruct,bfloat16,2026-08-02T08:51:45,load,11,4.474850005004555,0,
V100,Tesla V100-PCIE-16GB,llama-3b,meta-llama/Llama-3.2-3B-Instruct,bfloat16,2026-08-02T08:51:45,load,12,4.444575366098434,0,
V100,Tesla V100-PCIE-16GB,llama-3b,meta-llama/Llama-3.2-3B-Instruct,bfloat16,2026-08-02T08:51:45,load,13,4.368549928069115,0,
V100,Tesla V100-PCIE-16GB,llama-3b,meta-llama/Llama-3.2-3B-Instruct,bfloat16,2026-08-02T08:51:45,load,14,4.386289289686829,0,
V100,Tesla V100-PCIE-16GB,llama-3b,meta-llama/Llama-3.2-3B-Instruct,bfloat16,2026-08-02T08:51:45,load,15,4.493155041709542,0,
V100,Tesla V100-PCIE-16GB,llama-3b,meta-llama/Llama-3.2-3B-Instruct,bfloat16,2026-08-02T08:51:45,load,16,4.491103065665811,0,
V100,Tesla V100-PCIE-16GB,llama-3b,meta-llama/Llama-3.2-3B-Instruct,bfloat16,2026-08-02T08:51:45,load,17,4.470453170593828,0,
V100,Tesla V100-PCIE-16GB,llama-3b,meta-llama/Llama-3.2-3B-Instruct,bfloat16,2026-08-02T08:51:45,load,18,4.6873848042450845,0,
V100,Tesla V100-PCIE-16GB,llama-3b,meta-llama/Llama-3.2-3B-Instruct,bfloat16,2026-08-02T08:51:45,load,19,4.39698561001569,0,
V100,Tesla V100-PCIE-16GB,llama-3b,meta-llama/Llama-3.2-3B-Instruct,bfloat16,2026-08-02T08:51:45,load,20,6.257458949927241,0,
V100,Tesla V100-PCIE-16GB,llama-3b,meta-llama/Llama-3.2-3B-Instruct,bfloat16,2026-08-02T08:51:45,load,21,4.474189369939268,0,
V100,Tesla V100-PCIE-16GB,llama-3b,meta-llama/Llama-3.2-3B-Instruct,bfloat16,2026-08-02T08:51:45,load,22,4.534773210063577,0,
V100,Tesla V100-PCIE-16GB,llama-3b,meta-llama/Llama-3.2-3B-Instruct,bfloat16,2026-08-02T08:51:45,load,23,4.492261847946793,0,
V100,Tesla V100-PCIE-16GB,llama-3b,meta-llama/Llama-3.2-3B-Instruct,bfloat16,2026-08-02T08:51:45,load,24,4.401865805964917,0,
V100,Tesla V100-PCIE-16GB,llama-3b,meta-llama/Llama-3.2-3B-Instruct,bfloat16,2026-08-02T08:51:45,load,25,4.3606059779413044,0,
V100,Tesla V100-PCIE-16GB,llama-3b,meta-llama/Llama-3.2-3B-Instruct,bfloat16,2026-08-02T08:51:45,load,26,4.429437836166471,0,
V100,Tesla V100-PCIE-16GB,llama-3b,meta-llama/Llama-3.2-3B-Instruct,bfloat16,2026-08-02T08:51:45,load,27,4.4557706862688065,0,
V100,Tesla V100-PCIE-16GB,llama-3b,meta-llama/Llama-3.2-3B-Instruct,bfloat16,2026-08-02T08:51:45,load,28,4.426689133048058,0,
V100,Tesla V100-PCIE-16GB,llama-3b,meta-llama/Llama-3.2-3B-Instruct,bfloat16,2026-08-02T08:51:45,load,29,4.335494919214398,0,
V100,Tesla V100-PCIE-16GB,llama-3b,meta-llama/Llama-3.2-3B-Instruct,bfloat16,2026-08-02T08:51:45,load,30,4.342635607812554,0,
V100,Tesla V100-PCIE-16GB,llama-3b,meta-llama/Llama-3.2-3B-Instruct,bfloat16,2026-08-02T08:51:45,load,31,4.457259095739573,0,
V100,Tesla V100-PCIE-16GB,llama-3b,meta-llama/Llama-3.2-3B-Instruct,bfloat16,2026-08-02T08:51:45,load,32,4.4444002863019705,0,
V100,Tesla V100-PCIE-16GB,llama-3b,meta-llama/Llama-3.2-3B-Instruct,bfloat16,2026-08-02T08:51:45,load,33,4.340102721937001,0,
V100,Tesla V100-PCIE-16GB,llama-3b,meta-llama/Llama-3.2-3B-Instruct,bfloat16,2026-08-02T08:51:45,load,34,4.5524652362801135,0,
V100,Tesla V100-PCIE-16GB,llama-3b,meta-llama/Llama-3.2-3B-Instruct,bfloat16,2026-08-02T08:51:45,load,35,4.34707708330825,0,
V100,Tesla V100-PCIE-16GB,llama-3b,meta-llama/Llama-3.2-3B-Instruct,bfloat16,2026-08-02T08:51:45,load,36,4.462049277033657,0,
V100,Tesla V100-PCIE-16GB,llama-3b,meta-llama/Llama-3.2-3B-Instruct,bfloat16,2026-08-02T08:51:45,load,37,4.364614644087851,0,
V100,Tesla V100-PCIE-16GB,llama-3b,meta-llama/Llama-3.2-3B-Instruct,bfloat16,2026-08-02T08:51:45,load,38,6.191064021084458,0,
V100,Tesla V100-PCIE-16GB,llama-3b,meta-llama/Llama-3.2-3B-Instruct,bfloat16,2026-08-02T08:51:45,load,39,4.4279236127622426,0,
V100,Tesla V100-PCIE-16GB,llama-3b,meta-llama/Llama-3.2-3B-Instruct,bfloat16,2026-08-02T08:51:45,load,40,4.3489716299809515,0,
V100,Tesla V100-PCIE-16GB,llama-3b,meta-llama/Llama-3.2-3B-Instruct,bfloat16,2026-08-02T08:51:45,load,41,4.375983295030892,0,
V100,Tesla V100-PCIE-16GB,llama-3b,meta-llama/Llama-3.2-3B-Instruct,bfloat16,2026-08-02T08:51:45,load,42,4.34671455482021,0,
V100,Tesla V100-PCIE-16GB,llama-3b,meta-llama/Llama-3.2-3B-Instruct,bfloat16,2026-08-02T08:51:45,load,43,4.340764240827411,0,
V100,Tesla V100-PCIE-16GB,llama-3b,meta-llama/Llama-3.2-3B-Instruct,bfloat16,2026-08-02T08:51:45,load,44,4.376041747163981,0,
V100,Tesla V100-PCIE-16GB,llama-3b,meta-llama/Llama-3.2-3B-Instruct,bfloat16,2026-08-02T08:51:45,load,45,4.34530146420002,0,
V100,Tesla V100-PCIE-16GB,llama-3b,meta-llama/Llama-3.2-3B-Instruct,bfloat16,2026-08-02T08:51:45,load,46,4.412999884225428,0,
V100,Tesla V100-PCIE-16GB,llama-3b,meta-llama/Llama-3.2-3B-Instruct,bfloat16,2026-08-02T08:51:45,load,47,4.394544458016753,0,
V100,Tesla V100-PCIE-16GB,llama-3b,meta-llama/Llama-3.2-3B-Instruct,bfloat16,2026-08-02T08:51:45,load,48,4.320304496213794,0,
V100,Tesla V100-PCIE-16GB,llama-3b,meta-llama/Llama-3.2-3B-Instruct,bfloat16,2026-08-02T08:51:45,load,49,4.367026777006686,0,
V100,Tesla V100-PCIE-16GB,llama-3b,meta-llama/Llama-3.2-3B-Instruct,bfloat16,2026-08-02T08:51:45,load,50,4.672217583749443,0,
V100,Tesla V100-PCIE-16GB,llama-3b,meta-llama/Llama-3.2-3B-Instruct,bfloat16,2026-08-02T08:51:45,load,51,4.444040482863784,0,
V100,Tesla V100-PCIE-16GB,llama-3b,meta-llama/Llama-3.2-3B-Instruct,bfloat16,2026-08-02T08:51:45,load,52,4.353572410065681,0,
V100,Tesla V100-PCIE-16GB,llama-3b,meta-llama/Llama-3.2-3B-Instruct,bfloat16,2026-08-02T08:51:45,load,53,4.392242255154997,0,
V100,Tesla V100-PCIE-16GB,llama-3b,meta-llama/Llama-3.2-3B-Instruct,bfloat16,2026-08-02T08:51:45,load,54,4.327383190393448,0,
V100,Tesla V100-PCIE-16GB,llama-3b,meta-llama/Llama-3.2-3B-Instruct,bfloat16,2026-08-02T08:51:45,load,55,4.46524485014379,0,
V100,Tesla V100-PCIE-16GB,llama-3b,meta-llama/Llama-3.2-3B-Instruct,bfloat16,2026-08-02T08:51:45,load,56,4.350614354014397,0,
V100,Tesla V100-PCIE-16GB,llama-3b,meta-llama/Llama-3.2-3B-Instruct,bfloat16,2026-08-02T08:51:45,load,57,4.332888715900481,0,
V100,Tesla V100-PCIE-16GB,llama-3b,meta-llama/Llama-3.2-3B-Instruct,bfloat16,2026-08-02T08:51:45,load,58,4.371542069129646,0,
V100,Tesla V100-PCIE-16GB,llama-3b,meta-llama/Llama-3.2-3B-Instruct,bfloat16,2026-08-02T08:51:45,load,59,4.451038994360715,0,
V100,Tesla V100-PCIE-16GB,llama-3b,meta-llama/Llama-3.2-3B-Instruct,bfloat16,2026-08-02T08:51:45,load,60,4.3958573010750115,0,
V100,Tesla V100-PCIE-16GB,llama-3b,meta-llama/Llama-3.2-3B-Instruct,bfloat16,2026-08-02T08:51:45,load,61,4.3462465181946754,0,
V100,Tesla V100-PCIE-16GB,llama-3b,meta-llama/Llama-3.2-3B-Instruct,bfloat16,2026-08-02T08:51:45,load,62,4.366366406902671,0,
V100,Tesla V100-PCIE-16GB,llama-3b,meta-llama/Llama-3.2-3B-Instruct,bfloat16,2026-08-02T08:51:45,load,63,4.440277750138193,0,
V100,Tesla V100-PCIE-16GB,llama-3b,meta-llama/Llama-3.2-3B-Instruct,bfloat16,2026-08-02T08:51:45,load,64,4.46538953576237,0,
V100,Tesla V100-PCIE-16GB,llama-3b,meta-llama/Llama-3.2-3B-Instruct,bfloat16,2026-08-02T08:51:45,load,65,4.436668914742768,0,
V100,Tesla V100-PCIE-16GB,llama-3b,meta-llama/Llama-3.2-3B-Instruct,bfloat16,2026-08-02T08:51:45,load,66,4.327939846087247,0,
V100,Tesla V100-PCIE-16GB,llama-3b,meta-llama/Llama-3.2-3B-Instruct,bfloat16,2026-08-02T08:51:45,load,67,4.661423143930733,0,
V100,Tesla V100-PCIE-16GB,llama-3b,meta-llama/Llama-3.2-3B-Instruct,bfloat16,2026-08-02T08:51:45,load,68,4.400801316834986,0,
V100,Tesla V100-PCIE-16GB,llama-3b,meta-llama/Llama-3.2-3B-Instruct,bfloat16,2026-08-02T08:51:45,load,69,4.430559079628438,0,
V100,Tesla V100-PCIE-16GB,llama-3b,meta-llama/Llama-3.2-3B-Instruct,bfloat16,2026-08-02T08:51:45,load,70,4.358000198379159,0,
V100,Tesla V100-PCIE-16GB,llama-3b,meta-llama/Llama-3.2-3B-Instruct,bfloat16,2026-08-02T08:51:45,load,71,4.306882368866354,0,
V100,Tesla V100-PCIE-16GB,llama-3b,meta-llama/Llama-3.2-3B-Instruct,bfloat16,2026-08-02T08:51:45,load,72,4.460617650765926,0,
V100,Tesla V100-PCIE-16GB,llama-3b,meta-llama/Llama-3.2-3B-Instruct,bfloat16,2026-08-02T08:51:45,load,73,4.413464313838631,0,
V100,Tesla V100-PCIE-16GB,llama-3b,meta-llama/Llama-3.2-3B-Instruct,bfloat16,2026-08-02T08:51:45,load,74,4.364396757911891,0,
V100,Tesla V100-PCIE-16GB,llama-3b,meta-llama/Llama-3.2-3B-Instruct,bfloat16,2026-08-02T08:51:45,load,75,4.693000375293195,0,
V100,Tesla V100-PCIE-16GB,llama-3b,meta-llama/Llama-3.2-3B-Instruct,bfloat16,2026-08-02T08:51:45,load,76,4.439648536965251,0,
V100,Tesla V100-PCIE-16GB,llama-3b,meta-llama/Llama-3.2-3B-Instruct,bfloat16,2026-08-02T08:51:45,load,77,4.477719691116363,0,
V100,Tesla V100-PCIE-16GB,llama-3b,meta-llama/Llama-3.2-3B-Instruct,bfloat16,2026-08-02T08:51:45,load,78,4.470509166363627,0,
V100,Tesla V100-PCIE-16GB,llama-3b,meta-llama/Llama-3.2-3B-Instruct,bfloat16,2026-08-02T08:51:45,load,79,4.404398682061583,0,
V100,Tesla V100-PCIE-16GB,llama-3b,meta-llama/Llama-3.2-3B-Instruct,bfloat16,2026-08-02T08:51:45,load,80,4.3523473450914025,0,
V100,Tesla V100-PCIE-16GB,llama-3b,meta-llama/Llama-3.2-3B-Instruct,bfloat16,2026-08-02T08:51:45,load,81,4.435021616052836,0,
V100,Tesla V100-PCIE-16GB,llama-3b,meta-llama/Llama-3.2-3B-Instruct,bfloat16,2026-08-02T08:51:45,load,82,4.461272981949151,0,
V100,Tesla V100-PCIE-16GB,llama-3b,meta-llama/Llama-3.2-3B-Instruct,bfloat16,2026-08-02T08:51:45,load,83,4.368846958037466,0,
V100,Tesla V100-PCIE-16GB,llama-3b,meta-llama/Llama-3.2-3B-Instruct,bfloat16,2026-08-02T08:51:45,load,84,4.3690183740109205,0,
V100,Tesla V100-PCIE-16GB,llama-3b,meta-llama/Llama-3.2-3B-Instruct,bfloat16,2026-08-02T08:51:45,load,85,4.383920059073716,0,
V100,Tesla V100-PCIE-16GB,llama-3b,meta-llama/Llama-3.2-3B-Instruct,bfloat16,2026-08-02T08:51:45,load,86,4.437005212996155,0,
V100,Tesla V100-PCIE-16GB,llama-3b,meta-llama/Llama-3.2-3B-Instruct,bfloat16,2026-08-02T08:51:45,load,87,4.386387932114303,0,
V100,Tesla V100-PCIE-16GB,llama-3b,meta-llama/Llama-3.2-3B-Instruct,bfloat16,2026-08-02T08:51:45,load,88,4.379420622251928,0,
V100,Tesla V100-PCIE-16GB,llama-3b,meta-llama/Llama-3.2-3B-Instruct,bfloat16,2026-08-02T08:51:45,load,89,4.494484912138432,0,
V100,Tesla V100-PCIE-16GB,llama-3b,meta-llama/Llama-3.2-3B-Instruct,bfloat16,2026-08-02T08:51:45,load,90,4.421705132350326,0,
V100,Tesla V100-PCIE-16GB,llama-3b,meta-llama/Llama-3.2-3B-Instruct,bfloat16,2026-08-02T08:51:45,load,91,4.42725966591388,0,
V100,Tesla V100-PCIE-16GB,llama-3b,meta-llama/Llama-3.2-3B-Instruct,bfloat16,2026-08-02T08:51:45,load,92,4.381354784127325,0,
V100,Tesla V100-PCIE-16GB,llama-3b,meta-llama/Llama-3.2-3B-Instruct,bfloat16,2026-08-02T08:51:45,load,93,4.316190549172461,0,
V100,Tesla V100-PCIE-16GB,llama-3b,meta-llama/Llama-3.2-3B-Instruct,bfloat16,2026-08-02T08:51:45,load,94,4.459592510946095,0,
V100,Tesla V100-PCIE-16GB,llama-3b,meta-llama/Llama-3.2-3B-Instruct,bfloat16,2026-08-02T08:51:45,load,95,4.342104006092995,0,
V100,Tesla V100-PCIE-16GB,llama-3b,meta-llama/Llama-3.2-3B-Instruct,bfloat16,2026-08-02T08:51:45,load,96,4.387786420993507,0,
V100,Tesla V100-PCIE-16GB,llama-3b,meta-llama/Llama-3.2-3B-Instruct,bfloat16,2026-08-02T08:51:45,load,97,4.323822568170726,0,
V100,Tesla V100-PCIE-16GB,llama-3b,meta-llama/Llama-3.2-3B-Instruct,bfloat16,2026-08-02T08:51:45,load,98,4.3378438567742705,0,
V100,Tesla V100-PCIE-16GB,llama-3b,meta-llama/Llama-3.2-3B-Instruct,bfloat16,2026-08-02T08:51:45,load,99,4.321154116187245,0,
V100,Tesla V100-PCIE-16GB,llama-3b,meta-llama/Llama-3.2-3B-Instruct,bfloat16,2026-08-02T08:51:45,inference,0,1.1172786676324904,24,
V100,Tesla V100-PCIE-16GB,llama-3b,meta-llama/Llama-3.2-3B-Instruct,bfloat16,2026-08-02T08:51:45,inference,1,1.1159248109906912,24,
V100,Tesla V100-PCIE-16GB,llama-3b,meta-llama/Llama-3.2-3B-Instruct,bfloat16,2026-08-02T08:51:45,inference,2,1.1150625390000641,24,
V100,Tesla V100-PCIE-16GB,llama-3b,meta-llama/Llama-3.2-3B-Instruct,bfloat16,2026-08-02T08:51:45,inference,3,1.1157887931913137,24,
V100,Tesla V100-PCIE-16GB,llama-3b,meta-llama/Llama-3.2-3B-Instruct,bfloat16,2026-08-02T08:51:45,inference,4,1.1172627010382712,24,
V100,Tesla V100-PCIE-16GB,llama-3b,meta-llama/Llama-3.2-3B-Instruct,bfloat16,2026-08-02T08:51:45,inference,5,1.1161788399331272,24,
V100,Tesla V100-PCIE-16GB,llama-3b,meta-llama/Llama-3.2-3B-Instruct,bfloat16,2026-08-02T08:51:45,inference,6,1.1329786758869886,24,
V100,Tesla V100-PCIE-16GB,llama-3b,meta-llama/Llama-3.2-3B-Instruct,bfloat16,2026-08-02T08:51:45,inference,7,1.1154080349951982,24,
V100,Tesla V100-PCIE-16GB,llama-3b,meta-llama/Llama-3.2-3B-Instruct,bfloat16,2026-08-02T08:51:45,inference,8,1.1155912443064153,24,
V100,Tesla V100-PCIE-16GB,llama-3b,meta-llama/Llama-3.2-3B-Instruct,bfloat16,2026-08-02T08:51:45,inference,9,1.1167649580165744,24,
V100,Tesla V100-PCIE-16GB,llama-3b,meta-llama/Llama-3.2-3B-Instruct,bfloat16,2026-08-02T08:51:45,inference,10,1.1167230349965394,24,
V100,Tesla V100-PCIE-16GB,llama-3b,meta-llama/Llama-3.2-3B-Instruct,bfloat16,2026-08-02T08:51:45,inference,11,1.115768768824637,24,
V100,Tesla V100-PCIE-16GB,llama-3b,meta-llama/Llama-3.2-3B-Instruct,bfloat16,2026-08-02T08:51:45,inference,12,1.1158900381997228,24,
V100,Tesla V100-PCIE-16GB,llama-3b,meta-llama/Llama-3.2-3B-Instruct,bfloat16,2026-08-02T08:51:45,inference,13,1.1157372640445828,24,
V100,Tesla V100-PCIE-16GB,llama-3b,meta-llama/Llama-3.2-3B-Instruct,bfloat16,2026-08-02T08:51:45,inference,14,1.1161910477094352,24,
V100,Tesla V100-PCIE-16GB,llama-3b,meta-llama/Llama-3.2-3B-Instruct,bfloat16,2026-08-02T08:51:45,inference,15,1.1155457869172096,24,
V100,Tesla V100-PCIE-16GB,llama-3b,meta-llama/Llama-3.2-3B-Instruct,bfloat16,2026-08-02T08:51:45,inference,16,1.1152087389491498,24,
V100,Tesla V100-PCIE-16GB,llama-3b,meta-llama/Llama-3.2-3B-Instruct,bfloat16,2026-08-02T08:51:45,inference,17,1.1174848726950586,24,
V100,Tesla V100-PCIE-16GB,llama-3b,meta-llama/Llama-3.2-3B-Instruct,bfloat16,2026-08-02T08:51:45,inference,18,1.1165001899935305,24,
V100,Tesla V100-PCIE-16GB,llama-3b,meta-llama/Llama-3.2-3B-Instruct,bfloat16,2026-08-02T08:51:45,inference,19,1.1317837228998542,24,
V100,Tesla V100-PCIE-16GB,llama-3b,meta-llama/Llama-3.2-3B-Instruct,bfloat16,2026-08-02T08:51:45,inference,20,1.1209061811678112,24,
V100,Tesla V100-PCIE-16GB,llama-3b,meta-llama/Llama-3.2-3B-Instruct,bfloat16,2026-08-02T08:51:45,inference,21,1.1190913510508835,24,
V100,Tesla V100-PCIE-16GB,llama-3b,meta-llama/Llama-3.2-3B-Instruct,bfloat16,2026-08-02T08:51:45,inference,22,1.119023053906858,24,
V100,Tesla V100-PCIE-16GB,llama-3b,meta-llama/Llama-3.2-3B-Instruct,bfloat16,2026-08-02T08:51:45,inference,23,1.118086283095181,24,
V100,Tesla V100-PCIE-16GB,llama-3b,meta-llama/Llama-3.2-3B-Instruct,bfloat16,2026-08-02T08:51:45,inference,24,1.1252812040038407,24,
V100,Tesla V100-PCIE-16GB,llama-3b,meta-llama/Llama-3.2-3B-Instruct,bfloat16,2026-08-02T08:51:45,inference,25,1.1177418120205402,24,
V100,Tesla V100-PCIE-16GB,llama-3b,meta-llama/Llama-3.2-3B-Instruct,bfloat16,2026-08-02T08:51:45,inference,26,1.117863873951137,24,
V100,Tesla V100-PCIE-16GB,llama-3b,meta-llama/Llama-3.2-3B-Instruct,bfloat16,2026-08-02T08:51:45,inference,27,1.118075706064701,24,
V100,Tesla V100-PCIE-16GB,llama-3b,meta-llama/Llama-3.2-3B-Instruct,bfloat16,2026-08-02T08:51:45,inference,28,1.1176275350153446,24,
V100,Tesla V100-PCIE-16GB,llama-3b,meta-llama/Llama-3.2-3B-Instruct,bfloat16,2026-08-02T08:51:45,inference,29,1.1180773084051907,24,
V100,Tesla V100-PCIE-16GB,llama-3b,meta-llama/Llama-3.2-3B-Instruct,bfloat16,2026-08-02T08:51:45,inference,30,1.1171904639340937,24,
V100,Tesla V100-PCIE-16GB,llama-3b,meta-llama/Llama-3.2-3B-Instruct,bfloat16,2026-08-02T08:51:45,inference,31,1.115316517651081,24,
V100,Tesla V100-PCIE-16GB,llama-3b,meta-llama/Llama-3.2-3B-Instruct,bfloat16,2026-08-02T08:51:45,inference,32,1.1157335098832846,24,
V100,Tesla V100-PCIE-16GB,llama-3b,meta-llama/Llama-3.2-3B-Instruct,bfloat16,2026-08-02T08:51:45,inference,33,1.1330627496354282,24,
V100,Tesla V100-PCIE-16GB,llama-3b,meta-llama/Llama-3.2-3B-Instruct,bfloat16,2026-08-02T08:51:45,inference,34,1.1156147420406342,24,
V100,Tesla V100-PCIE-16GB,llama-3b,meta-llama/Llama-3.2-3B-Instruct,bfloat16,2026-08-02T08:51:45,inference,35,1.115997786168009,24,
V100,Tesla V100-PCIE-16GB,llama-3b,meta-llama/Llama-3.2-3B-Instruct,bfloat16,2026-08-02T08:51:45,inference,36,1.115597175899893,24,
V100,Tesla V100-PCIE-16GB,llama-3b,meta-llama/Llama-3.2-3B-Instruct,bfloat16,2026-08-02T08:51:45,inference,37,1.1156158410012722,24,
V100,Tesla V100-PCIE-16GB,llama-3b,meta-llama/Llama-3.2-3B-Instruct,bfloat16,2026-08-02T08:51:45,inference,38,1.1157536641694605,24,
V100,Tesla V100-PCIE-16GB,llama-3b,meta-llama/Llama-3.2-3B-Instruct,bfloat16,2026-08-02T08:51:45,inference,39,1.1201204075478017,24,
V100,Tesla V100-PCIE-16GB,llama-3b,meta-llama/Llama-3.2-3B-Instruct,bfloat16,2026-08-02T08:51:45,inference,40,1.118960396386683,24,
V100,Tesla V100-PCIE-16GB,llama-3b,meta-llama/Llama-3.2-3B-Instruct,bfloat16,2026-08-02T08:51:45,inference,41,1.1176560590974987,24,
V100,Tesla V100-PCIE-16GB,llama-3b,meta-llama/Llama-3.2-3B-Instruct,bfloat16,2026-08-02T08:51:45,inference,42,1.1184973469935358,24,
V100,Tesla V100-PCIE-16GB,llama-3b,meta-llama/Llama-3.2-3B-Instruct,bfloat16,2026-08-02T08:51:45,inference,43,1.1174836591817439,24,
V100,Tesla V100-PCIE-16GB,llama-3b,meta-llama/Llama-3.2-3B-Instruct,bfloat16,2026-08-02T08:51:45,inference,44,1.1170987668447196,24,
V100,Tesla V100-PCIE-16GB,llama-3b,meta-llama/Llama-3.2-3B-Instruct,bfloat16,2026-08-02T08:51:45,inference,45,1.118755578994751,24,
V100,Tesla V100-PCIE-16GB,llama-3b,meta-llama/Llama-3.2-3B-Instruct,bfloat16,2026-08-02T08:51:45,inference,46,1.1360657699406147,24,
V100,Tesla V100-PCIE-16GB,llama-3b,meta-llama/Llama-3.2-3B-Instruct,bfloat16,2026-08-02T08:51:45,inference,47,1.1175231281667948,24,
V100,Tesla V100-PCIE-16GB,llama-3b,meta-llama/Llama-3.2-3B-Instruct,bfloat16,2026-08-02T08:51:45,inference,48,1.1157668340019882,24,
V100,Tesla V100-PCIE-16GB,llama-3b,meta-llama/Llama-3.2-3B-Instruct,bfloat16,2026-08-02T08:51:45,inference,49,1.1159375440329313,24,
V100,Tesla V100-PCIE-16GB,llama-3b,meta-llama/Llama-3.2-3B-Instruct,bfloat16,2026-08-02T08:51:45,inference,50,1.1150986570864916,24,
V100,Tesla V100-PCIE-16GB,llama-3b,meta-llama/Llama-3.2-3B-Instruct,bfloat16,2026-08-02T08:51:45,inference,51,1.1159565430134535,24,
V100,Tesla V100-PCIE-16GB,llama-3b,meta-llama/Llama-3.2-3B-Instruct,bfloat16,2026-08-02T08:51:45,inference,52,1.1154952570796013,24,
V100,Tesla V100-PCIE-16GB,llama-3b,meta-llama/Llama-3.2-3B-Instruct,bfloat16,2026-08-02T08:51:45,inference,53,1.1157771707512438,24,
V100,Tesla V100-PCIE-16GB,llama-3b,meta-llama/Llama-3.2-3B-Instruct,bfloat16,2026-08-02T08:51:45,inference,54,1.1162514756433666,24,
V100,Tesla V100-PCIE-16GB,llama-3b,meta-llama/Llama-3.2-3B-Instruct,bfloat16,2026-08-02T08:51:45,inference,55,1.1168459146283567,24,
V100,Tesla V100-PCIE-16GB,llama-3b,meta-llama/Llama-3.2-3B-Instruct,bfloat16,2026-08-02T08:51:45,inference,56,1.115735444240272,24,
V100,Tesla V100-PCIE-16GB,llama-3b,meta-llama/Llama-3.2-3B-Instruct,bfloat16,2026-08-02T08:51:45,inference,57,1.1183579610660672,24,
V100,Tesla V100-PCIE-16GB,llama-3b,meta-llama/Llama-3.2-3B-Instruct,bfloat16,2026-08-02T08:51:45,inference,58,1.117421269416809,24,
V100,Tesla V100-PCIE-16GB,llama-3b,meta-llama/Llama-3.2-3B-Instruct,bfloat16,2026-08-02T08:51:45,inference,59,1.1180537049658597,24,
V100,Tesla V100-PCIE-16GB,llama-3b,meta-llama/Llama-3.2-3B-Instruct,bfloat16,2026-08-02T08:51:45,inference,60,1.136133864056319,24,
V100,Tesla V100-PCIE-16GB,llama-3b,meta-llama/Llama-3.2-3B-Instruct,bfloat16,2026-08-02T08:51:45,inference,61,1.1176369837485254,24,
V100,Tesla V100-PCIE-16GB,llama-3b,meta-llama/Llama-3.2-3B-Instruct,bfloat16,2026-08-02T08:51:45,inference,62,1.1186331729404628,24,
V100,Tesla V100-PCIE-16GB,llama-3b,meta-llama/Llama-3.2-3B-Instruct,bfloat16,2026-08-02T08:51:45,inference,63,1.1169363530352712,24,
V100,Tesla V100-PCIE-16GB,llama-3b,meta-llama/Llama-3.2-3B-Instruct,bfloat16,2026-08-02T08:51:45,inference,64,1.1176540711894631,24,
V100,Tesla V100-PCIE-16GB,llama-3b,meta-llama/Llama-3.2-3B-Instruct,bfloat16,2026-08-02T08:51:45,inference,65,1.1160775246098638,24,
V100,Tesla V100-PCIE-16GB,llama-3b,meta-llama/Llama-3.2-3B-Instruct,bfloat16,2026-08-02T08:51:45,inference,66,1.1156052821315825,24,
V100,Tesla V100-PCIE-16GB,llama-3b,meta-llama/Llama-3.2-3B-Instruct,bfloat16,2026-08-02T08:51:45,inference,67,1.1171594271436334,24,
V100,Tesla V100-PCIE-16GB,llama-3b,meta-llama/Llama-3.2-3B-Instruct,bfloat16,2026-08-02T08:51:45,inference,68,1.1152708078734577,24,
V100,Tesla V100-PCIE-16GB,llama-3b,meta-llama/Llama-3.2-3B-Instruct,bfloat16,2026-08-02T08:51:45,inference,69,1.1153538608923554,24,
V100,Tesla V100-PCIE-16GB,llama-3b,meta-llama/Llama-3.2-3B-Instruct,bfloat16,2026-08-02T08:51:45,inference,70,1.1158278807997704,24,
V100,Tesla V100-PCIE-16GB,llama-3b,meta-llama/Llama-3.2-3B-Instruct,bfloat16,2026-08-02T08:51:45,inference,71,1.1152142467908561,24,
V100,Tesla V100-PCIE-16GB,llama-3b,meta-llama/Llama-3.2-3B-Instruct,bfloat16,2026-08-02T08:51:45,inference,72,1.1151715316809714,24,
V100,Tesla V100-PCIE-16GB,llama-3b,meta-llama/Llama-3.2-3B-Instruct,bfloat16,2026-08-02T08:51:45,inference,73,1.1353705418296158,24,
V100,Tesla V100-PCIE-16GB,llama-3b,meta-llama/Llama-3.2-3B-Instruct,bfloat16,2026-08-02T08:51:45,inference,74,1.1157882777042687,24,
V100,Tesla V100-PCIE-16GB,llama-3b,meta-llama/Llama-3.2-3B-Instruct,bfloat16,2026-08-02T08:51:45,inference,75,1.1169680417515337,24,
V100,Tesla V100-PCIE-16GB,llama-3b,meta-llama/Llama-3.2-3B-Instruct,bfloat16,2026-08-02T08:51:45,inference,76,1.1174844377674162,24,
V100,Tesla V100-PCIE-16GB,llama-3b,meta-llama/Llama-3.2-3B-Instruct,bfloat16,2026-08-02T08:51:45,inference,77,1.1177381593734026,24,
V100,Tesla V100-PCIE-16GB,llama-3b,meta-llama/Llama-3.2-3B-Instruct,bfloat16,2026-08-02T08:51:45,inference,78,1.117101184092462,24,
V100,Tesla V100-PCIE-16GB,llama-3b,meta-llama/Llama-3.2-3B-Instruct,bfloat16,2026-08-02T08:51:45,inference,79,1.1174013298004866,24,
V100,Tesla V100-PCIE-16GB,llama-3b,meta-llama/Llama-3.2-3B-Instruct,bfloat16,2026-08-02T08:51:45,inference,80,1.1169686722569168,24,
V100,Tesla V100-PCIE-16GB,llama-3b,meta-llama/Llama-3.2-3B-Instruct,bfloat16,2026-08-02T08:51:45,inference,81,1.128837595693767,24,
V100,Tesla V100-PCIE-16GB,llama-3b,meta-llama/Llama-3.2-3B-Instruct,bfloat16,2026-08-02T08:51:45,inference,82,1.1250437516719103,24,
V100,Tesla V100-PCIE-16GB,llama-3b,meta-llama/Llama-3.2-3B-Instruct,bfloat16,2026-08-02T08:51:45,inference,83,1.1247859075665474,24,
V100,Tesla V100-PCIE-16GB,llama-3b,meta-llama/Llama-3.2-3B-Instruct,bfloat16,2026-08-02T08:51:45,inference,84,1.1235696678049862,24,
V100,Tesla V100-PCIE-16GB,llama-3b,meta-llama/Llama-3.2-3B-Instruct,bfloat16,2026-08-02T08:51:45,inference,85,1.1241285311989486,24,
V100,Tesla V100-PCIE-16GB,llama-3b,meta-llama/Llama-3.2-3B-Instruct,bfloat16,2026-08-02T08:51:45,inference,86,1.1369530810043216,24,
V100,Tesla V100-PCIE-16GB,llama-3b,meta-llama/Llama-3.2-3B-Instruct,bfloat16,2026-08-02T08:51:45,inference,87,1.1247240048833191,24,
V100,Tesla V100-PCIE-16GB,llama-3b,meta-llama/Llama-3.2-3B-Instruct,bfloat16,2026-08-02T08:51:45,inference,88,1.124589289072901,24,
V100,Tesla V100-PCIE-16GB,llama-3b,meta-llama/Llama-3.2-3B-Instruct,bfloat16,2026-08-02T08:51:45,inference,89,1.1248585851863027,24,
V100,Tesla V100-PCIE-16GB,llama-3b,meta-llama/Llama-3.2-3B-Instruct,bfloat16,2026-08-02T08:51:45,inference,90,1.1247529960237443,24,
V100,Tesla V100-PCIE-16GB,llama-3b,meta-llama/Llama-3.2-3B-Instruct,bfloat16,2026-08-02T08:51:45,inference,91,1.121396732982248,24,
V100,Tesla V100-PCIE-16GB,llama-3b,meta-llama/Llama-3.2-3B-Instruct,bfloat16,2026-08-02T08:51:45,inference,92,1.1176800839602947,24,
V100,Tesla V100-PCIE-16GB,llama-3b,meta-llama/Llama-3.2-3B-Instruct,bfloat16,2026-08-02T08:51:45,inference,93,1.1167035228572786,24,
V100,Tesla V100-PCIE-16GB,llama-3b,meta-llama/Llama-3.2-3B-Instruct,bfloat16,2026-08-02T08:51:45,inference,94,1.1175297009758651,24,
V100,Tesla V100-PCIE-16GB,llama-3b,meta-llama/Llama-3.2-3B-Instruct,bfloat16,2026-08-02T08:51:45,inference,95,1.1166918380185962,24,
V100,Tesla V100-PCIE-16GB,llama-3b,meta-llama/Llama-3.2-3B-Instruct,bfloat16,2026-08-02T08:51:45,inference,96,1.1171354381367564,24,
V100,Tesla V100-PCIE-16GB,llama-3b,meta-llama/Llama-3.2-3B-Instruct,bfloat16,2026-08-02T08:51:45,inference,97,1.1165962708182633,24,
V100,Tesla V100-PCIE-16GB,llama-3b,meta-llama/Llama-3.2-3B-Instruct,bfloat16,2026-08-02T08:51:45,inference,98,1.1170317800715566,24,
V100,Tesla V100-PCIE-16GB,llama-3b,meta-llama/Llama-3.2-3B-Instruct,bfloat16,2026-08-02T08:51:45,inference,99,1.1182087240740657,24,
V100,Tesla V100-PCIE-16GB,qwen-0.5b,Qwen/Qwen2.5-0.5B-Instruct,bfloat16,2026-08-02T08:51:45,load,0,1.484629673883319,0,
V100,Tesla V100-PCIE-16GB,qwen-0.5b,Qwen/Qwen2.5-0.5B-Instruct,bfloat16,2026-08-02T08:51:45,load,1,1.390618272125721,0,
V100,Tesla V100-PCIE-16GB,qwen-0.5b,Qwen/Qwen2.5-0.5B-Instruct,bfloat16,2026-08-02T08:51:45,load,2,1.4048166573047638,0,
V100,Tesla V100-PCIE-16GB,qwen-0.5b,Qwen/Qwen2.5-0.5B-Instruct,bfloat16,2026-08-02T08:51:45,load,3,1.3584891320206225,0,
V100,Tesla V100-PCIE-16GB,qwen-0.5b,Qwen/Qwen2.5-0.5B-Instruct,bfloat16,2026-08-02T08:51:45,load,4,1.3668484869413078,0,
V100,Tesla V100-PCIE-16GB,qwen-0.5b,Qwen/Qwen2.5-0.5B-Instruct,bfloat16,2026-08-02T08:51:45,load,5,1.3593885879963636,0,
V100,Tesla V100-PCIE-16GB,qwen-0.5b,Qwen/Qwen2.5-0.5B-Instruct,bfloat16,2026-08-02T08:51:45,load,6,1.3458797601051629,0,
V100,Tesla V100-PCIE-16GB,qwen-0.5b,Qwen/Qwen2.5-0.5B-Instruct,bfloat16,2026-08-02T08:51:45,load,7,1.3401394779793918,0,
V100,Tesla V100-PCIE-16GB,qwen-0.5b,Qwen/Qwen2.5-0.5B-Instruct,bfloat16,2026-08-02T08:51:45,load,8,1.337498721666634,0,
V100,Tesla V100-PCIE-16GB,qwen-0.5b,Qwen/Qwen2.5-0.5B-Instruct,bfloat16,2026-08-02T08:51:45,load,9,1.3512613819912076,0,
V100,Tesla V100-PCIE-16GB,qwen-0.5b,Qwen/Qwen2.5-0.5B-Instruct,bfloat16,2026-08-02T08:51:45,load,10,1.4368328941054642,0,
V100,Tesla V100-PCIE-16GB,qwen-0.5b,Qwen/Qwen2.5-0.5B-Instruct,bfloat16,2026-08-02T08:51:45,load,11,1.3632602086290717,0,
V100,Tesla V100-PCIE-16GB,qwen-0.5b,Qwen/Qwen2.5-0.5B-Instruct,bfloat16,2026-08-02T08:51:45,load,12,1.3742688787169755,0,
V100,Tesla V100-PCIE-16GB,qwen-0.5b,Qwen/Qwen2.5-0.5B-Instruct,bfloat16,2026-08-02T08:51:45,load,13,1.3809470180422068,0,
V100,Tesla V100-PCIE-16GB,qwen-0.5b,Qwen/Qwen2.5-0.5B-Instruct,bfloat16,2026-08-02T08:51:45,load,14,1.3724825358949602,0,
V100,Tesla V100-PCIE-16GB,qwen-0.5b,Qwen/Qwen2.5-0.5B-Instruct,bfloat16,2026-08-02T08:51:45,load,15,1.3697813707403839,0,
V100,Tesla V100-PCIE-16GB,qwen-0.5b,Qwen/Qwen2.5-0.5B-Instruct,bfloat16,2026-08-02T08:51:45,load,16,1.3658397318795323,0,
V100,Tesla V100-PCIE-16GB,qwen-0.5b,Qwen/Qwen2.5-0.5B-Instruct,bfloat16,2026-08-02T08:51:45,load,17,1.3998023769818246,0,
V100,Tesla V100-PCIE-16GB,qwen-0.5b,Qwen/Qwen2.5-0.5B-Instruct,bfloat16,2026-08-02T08:51:45,load,18,1.3918977077119052,0,
V100,Tesla V100-PCIE-16GB,qwen-0.5b,Qwen/Qwen2.5-0.5B-Instruct,bfloat16,2026-08-02T08:51:45,load,19,1.3541418663226068,0,
V100,Tesla V100-PCIE-16GB,qwen-0.5b,Qwen/Qwen2.5-0.5B-Instruct,bfloat16,2026-08-02T08:51:45,load,20,1.365284914150834,0,
V100,Tesla V100-PCIE-16GB,qwen-0.5b,Qwen/Qwen2.5-0.5B-Instruct,bfloat16,2026-08-02T08:51:45,load,21,1.3354302220977843,0,
V100,Tesla V100-PCIE-16GB,qwen-0.5b,Qwen/Qwen2.5-0.5B-Instruct,bfloat16,2026-08-02T08:51:45,load,22,1.314976586960256,0,
V100,Tesla V100-PCIE-16GB,qwen-0.5b,Qwen/Qwen2.5-0.5B-Instruct,bfloat16,2026-08-02T08:51:45,load,23,1.411879651248455,0,
V100,Tesla V100-PCIE-16GB,qwen-0.5b,Qwen/Qwen2.5-0.5B-Instruct,bfloat16,2026-08-02T08:51:45,load,24,1.3602317408658564,0,
V100,Tesla V100-PCIE-16GB,qwen-0.5b,Qwen/Qwen2.5-0.5B-Instruct,bfloat16,2026-08-02T08:51:45,load,25,1.3412602292373776,0,
V100,Tesla V100-PCIE-16GB,qwen-0.5b,Qwen/Qwen2.5-0.5B-Instruct,bfloat16,2026-08-02T08:51:45,load,26,1.3446056651882827,0,
V100,Tesla V100-PCIE-16GB,qwen-0.5b,Qwen/Qwen2.5-0.5B-Instruct,bfloat16,2026-08-02T08:51:45,load,27,1.3844097037799656,0,
V100,Tesla V100-PCIE-16GB,qwen-0.5b,Qwen/Qwen2.5-0.5B-Instruct,bfloat16,2026-08-02T08:51:45,load,28,1.4361592889763415,0,
V100,Tesla V100-PCIE-16GB,qwen-0.5b,Qwen/Qwen2.5-0.5B-Instruct,bfloat16,2026-08-02T08:51:45,load,29,1.3444966510869563,0,
V100,Tesla V100-PCIE-16GB,qwen-0.5b,Qwen/Qwen2.5-0.5B-Instruct,bfloat16,2026-08-02T08:51:45,load,30,1.359536062926054,0,
V100,Tesla V100-PCIE-16GB,qwen-0.5b,Qwen/Qwen2.5-0.5B-Instruct,bfloat16,2026-08-02T08:51:45,load,31,1.395691339392215,0,
V100,Tesla V100-PCIE-16GB,qwen-0.5b,Qwen/Qwen2.5-0.5B-Instruct,bfloat16,2026-08-02T08:51:45,load,32,1.3428408708423376,0,
V100,Tesla V100-PCIE-16GB,qwen-0.5b,Qwen/Qwen2.5-0.5B-Instruct,bfloat16,2026-08-02T08:51:45,load,33,1.3578514130786061,0,
V100,Tesla V100-PCIE-16GB,qwen-0.5b,Qwen/Qwen2.5-0.5B-Instruct,bfloat16,2026-08-02T08:51:45,load,34,1.5148082533851266,0,
V100,Tesla V100-PCIE-16GB,qwen-0.5b,Qwen/Qwen2.5-0.5B-Instruct,bfloat16,2026-08-02T08:51:45,load,35,1.3372511961497366,0,
V100,Tesla V100-PCIE-16GB,qwen-0.5b,Qwen/Qwen2.5-0.5B-Instruct,bfloat16,2026-08-02T08:51:45,load,36,1.3465532409027219,0,
V100,Tesla V100-PCIE-16GB,qwen-0.5b,Qwen/Qwen2.5-0.5B-Instruct,bfloat16,2026-08-02T08:51:45,load,37,1.3576639858074486,0,
V100,Tesla V100-PCIE-16GB,qwen-0.5b,Qwen/Qwen2.5-0.5B-Instruct,bfloat16,2026-08-02T08:51:45,load,38,1.3382332143373787,0,
V100,Tesla V100-PCIE-16GB,qwen-0.5b,Qwen/Qwen2.5-0.5B-Instruct,bfloat16,2026-08-02T08:51:45,load,39,1.3287983732298017,0,
V100,Tesla V100-PCIE-16GB,qwen-0.5b,Qwen/Qwen2.5-0.5B-Instruct,bfloat16,2026-08-02T08:51:45,load,40,1.3904480142518878,0,
V100,Tesla V100-PCIE-16GB,qwen-0.5b,Qwen/Qwen2.5-0.5B-Instruct,bfloat16,2026-08-02T08:51:45,load,41,1.3475092248991132,0,
V100,Tesla V100-PCIE-16GB,qwen-0.5b,Qwen/Qwen2.5-0.5B-Instruct,bfloat16,2026-08-02T08:51:45,load,42,1.343438945710659,0,
V100,Tesla V100-PCIE-16GB,qwen-0.5b,Qwen/Qwen2.5-0.5B-Instruct,bfloat16,2026-08-02T08:51:45,load,43,1.3684888612478971,0,
V100,Tesla V100-PCIE-16GB,qwen-0.5b,Qwen/Qwen2.5-0.5B-Instruct,bfloat16,2026-08-02T08:51:45,load,44,1.4233509441837668,0,
V100,Tesla V100-PCIE-16GB,qwen-0.5b,Qwen/Qwen2.5-0.5B-Instruct,bfloat16,2026-08-02T08:51:45,load,45,1.3650474110618234,0,
V100,Tesla V100-PCIE-16GB,qwen-0.5b,Qwen/Qwen2.5-0.5B-Instruct,bfloat16,2026-08-02T08:51:45,load,46,1.352247105911374,0,
V100,Tesla V100-PCIE-16GB,qwen-0.5b,Qwen/Qwen2.5-0.5B-Instruct,bfloat16,2026-08-02T08:51:45,load,47,1.3929761899635196,0,
V100,Tesla V100-PCIE-16GB,qwen-0.5b,Qwen/Qwen2.5-0.5B-Instruct,bfloat16,2026-08-02T08:51:45,load,48,1.3247831771150231,0,
V100,Tesla V100-PCIE-16GB,qwen-0.5b,Qwen/Qwen2.5-0.5B-Instruct,bfloat16,2026-08-02T08:51:45,load,49,1.3253292860463262,0,
V100,Tesla V100-PCIE-16GB,qwen-0.5b,Qwen/Qwen2.5-0.5B-Instruct,bfloat16,2026-08-02T08:51:45,load,50,1.4587442078627646,0,
V100,Tesla V100-PCIE-16GB,qwen-0.5b,Qwen/Qwen2.5-0.5B-Instruct,bfloat16,2026-08-02T08:51:45,load,51,1.380900037009269,0,
V100,Tesla V100-PCIE-16GB,qwen-0.5b,Qwen/Qwen2.5-0.5B-Instruct,bfloat16,2026-08-02T08:51:45,load,52,1.3198077171109617,0,
V100,Tesla V100-PCIE-16GB,qwen-0.5b,Qwen/Qwen2.5-0.5B-Instruct,bfloat16,2026-08-02T08:51:45,load,53,1.3712623436003923,0,
V100,Tesla V100-PCIE-16GB,qwen-0.5b,Qwen/Qwen2.5-0.5B-Instruct,bfloat16,2026-08-02T08:51:45,load,54,1.3314626133069396,0,
V100,Tesla V100-PCIE-16GB,qwen-0.5b,Qwen/Qwen2.5-0.5B-Instruct,bfloat16,2026-08-02T08:51:45,load,55,1.422613985836506,0,
V100,Tesla V100-PCIE-16GB,qwen-0.5b,Qwen/Qwen2.5-0.5B-Instruct,bfloat16,2026-08-02T08:51:45,load,56,1.3488590638153255,0,
V100,Tesla V100-PCIE-16GB,qwen-0.5b,Qwen/Qwen2.5-0.5B-Instruct,bfloat16,2026-08-02T08:51:45,load,57,1.4538405640050769,0,
V100,Tesla V100-PCIE-16GB,qwen-0.5b,Qwen/Qwen2.5-0.5B-Instruct,bfloat16,2026-08-02T08:51:45,load,58,1.3754985299892724,0,
V100,Tesla V100-PCIE-16GB,qwen-0.5b,Qwen/Qwen2.5-0.5B-Instruct,bfloat16,2026-08-02T08:51:45,load,59,1.3423120640218258,0,
V100,Tesla V100-PCIE-16GB,qwen-0.5b,Qwen/Qwen2.5-0.5B-Instruct,bfloat16,2026-08-02T08:51:45,load,60,1.3407798307016492,0,
V100,Tesla V100-PCIE-16GB,qwen-0.5b,Qwen/Qwen2.5-0.5B-Instruct,bfloat16,2026-08-02T08:51:45,load,61,1.315684035886079,0,
V100,Tesla V100-PCIE-16GB,qwen-0.5b,Qwen/Qwen2.5-0.5B-Instruct,bfloat16,2026-08-02T08:51:45,load,62,1.3320233328267932,0,
V100,Tesla V100-PCIE-16GB,qwen-0.5b,Qwen/Qwen2.5-0.5B-Instruct,bfloat16,2026-08-02T08:51:45,load,63,1.3390163909643888,0,
V100,Tesla V100-PCIE-16GB,qwen-0.5b,Qwen/Qwen2.5-0.5B-Instruct,bfloat16,2026-08-02T08:51:45,load,64,1.3084677336737514,0,
V100,Tesla V100-PCIE-16GB,qwen-0.5b,Qwen/Qwen2.5-0.5B-Instruct,bfloat16,2026-08-02T08:51:45,load,65,1.3295035120099783,0,
V100,Tesla V100-PCIE-16GB,qwen-0.5b,Qwen/Qwen2.5-0.5B-Instruct,bfloat16,2026-08-02T08:51:45,load,66,1.3028057450428605,0,
V100,Tesla V100-PCIE-16GB,qwen-0.5b,Qwen/Qwen2.5-0.5B-Instruct,bfloat16,2026-08-02T08:51:45,load,67,1.325752770062536,0,
V100,Tesla V100-PCIE-16GB,qwen-0.5b,Qwen/Qwen2.5-0.5B-Instruct,bfloat16,2026-08-02T08:51:45,load,68,1.3513549882918596,0,
V100,Tesla V100-PCIE-16GB,qwen-0.5b,Qwen/Qwen2.5-0.5B-Instruct,bfloat16,2026-08-02T08:51:45,load,69,1.3531926851719618,0,
V100,Tesla V100-PCIE-16GB,qwen-0.5b,Qwen/Qwen2.5-0.5B-Instruct,bfloat16,2026-08-02T08:51:45,load,70,1.3686148901470006,0,
V100,Tesla V100-PCIE-16GB,qwen-0.5b,Qwen/Qwen2.5-0.5B-Instruct,bfloat16,2026-08-02T08:51:45,load,71,1.3821826446801424,0,
V100,Tesla V100-PCIE-16GB,qwen-0.5b,Qwen/Qwen2.5-0.5B-Instruct,bfloat16,2026-08-02T08:51:45,load,72,1.4177764891646802,0,
V100,Tesla V100-PCIE-16GB,qwen-0.5b,Qwen/Qwen2.5-0.5B-Instruct,bfloat16,2026-08-02T08:51:45,load,73,1.3623189181089401,0,
V100,Tesla V100-PCIE-16GB,qwen-0.5b,Qwen/Qwen2.5-0.5B-Instruct,bfloat16,2026-08-02T08:51:45,load,74,3.02227396517992,0,
V100,Tesla V100-PCIE-16GB,qwen-0.5b,Qwen/Qwen2.5-0.5B-Instruct,bfloat16,2026-08-02T08:51:45,load,75,1.3599371947348118,0,
V100,Tesla V100-PCIE-16GB,qwen-0.5b,Qwen/Qwen2.5-0.5B-Instruct,bfloat16,2026-08-02T08:51:45,load,76,1.3658136688172817,0,
V100,Tesla V100-PCIE-16GB,qwen-0.5b,Qwen/Qwen2.5-0.5B-Instruct,bfloat16,2026-08-02T08:51:45,load,77,1.329723292030394,0,
V100,Tesla V100-PCIE-16GB,qwen-0.5b,Qwen/Qwen2.5-0.5B-Instruct,bfloat16,2026-08-02T08:51:45,load,78,1.3178312978707254,0,
V100,Tesla V100-PCIE-16GB,qwen-0.5b,Qwen/Qwen2.5-0.5B-Instruct,bfloat16,2026-08-02T08:51:45,load,79,1.3228685706853867,0,
V100,Tesla V100-PCIE-16GB,qwen-0.5b,Qwen/Qwen2.5-0.5B-Instruct,bfloat16,2026-08-02T08:51:45,load,80,1.612918758764863,0,
V100,Tesla V100-PCIE-16GB,qwen-0.5b,Qwen/Qwen2.5-0.5B-Instruct,bfloat16,2026-08-02T08:51:45,load,81,1.3126566708087921,0,
V100,Tesla V100-PCIE-16GB,qwen-0.5b,Qwen/Qwen2.5-0.5B-Instruct,bfloat16,2026-08-02T08:51:45,load,82,1.3211874747648835,0,
V100,Tesla V100-PCIE-16GB,qwen-0.5b,Qwen/Qwen2.5-0.5B-Instruct,bfloat16,2026-08-02T08:51:45,load,83,1.3190311072394252,0,
V100,Tesla V100-PCIE-16GB,qwen-0.5b,Qwen/Qwen2.5-0.5B-Instruct,bfloat16,2026-08-02T08:51:45,load,84,1.652106394059956,0,
V100,Tesla V100-PCIE-16GB,qwen-0.5b,Qwen/Qwen2.5-0.5B-Instruct,bfloat16,2026-08-02T08:51:45,load,85,1.3373381323181093,0,
V100,Tesla V100-PCIE-16GB,qwen-0.5b,Qwen/Qwen2.5-0.5B-Instruct,bfloat16,2026-08-02T08:51:45,load,86,1.3297785930335522,0,
V100,Tesla V100-PCIE-16GB,qwen-0.5b,Qwen/Qwen2.5-0.5B-Instruct,bfloat16,2026-08-02T08:51:45,load,87,1.3480081898160279,0,
V100,Tesla V100-PCIE-16GB,qwen-0.5b,Qwen/Qwen2.5-0.5B-Instruct,bfloat16,2026-08-02T08:51:45,load,88,1.3211301369592547,0,
V100,Tesla V100-PCIE-16GB,qwen-0.5b,Qwen/Qwen2.5-0.5B-Instruct,bfloat16,2026-08-02T08:51:45,load,89,1.5051214881241322,0,
V100,Tesla V100-PCIE-16GB,qwen-0.5b,Qwen/Qwen2.5-0.5B-Instruct,bfloat16,2026-08-02T08:51:45,load,90,1.5861469791270792,0,
V100,Tesla V100-PCIE-16GB,qwen-0.5b,Qwen/Qwen2.5-0.5B-Instruct,bfloat16,2026-08-02T08:51:45,load,91,1.622076959349215,0,
V100,Tesla V100-PCIE-16GB,qwen-0.5b,Qwen/Qwen2.5-0.5B-Instruct,bfloat16,2026-08-02T08:51:45,load,92,1.6693756319582462,0,
V100,Tesla V100-PCIE-16GB,qwen-0.5b,Qwen/Qwen2.5-0.5B-Instruct,bfloat16,2026-08-02T08:51:45,load,93,1.8295688703656197,0,
V100,Tesla V100-PCIE-16GB,qwen-0.5b,Qwen/Qwen2.5-0.5B-Instruct,bfloat16,2026-08-02T08:51:45,load,94,1.8825361337512732,0,
V100,Tesla V100-PCIE-16GB,qwen-0.5b,Qwen/Qwen2.5-0.5B-Instruct,bfloat16,2026-08-02T08:51:45,load,95,1.7127606277354062,0,
V100,Tesla V100-PCIE-16GB,qwen-0.5b,Qwen/Qwen2.5-0.5B-Instruct,bfloat16,2026-08-02T08:51:45,load,96,1.3246679352596402,0,
V100,Tesla V100-PCIE-16GB,qwen-0.5b,Qwen/Qwen2.5-0.5B-Instruct,bfloat16,2026-08-02T08:51:45,load,97,1.3830361901782453,0,
V100,Tesla V100-PCIE-16GB,qwen-0.5b,Qwen/Qwen2.5-0.5B-Instruct,bfloat16,2026-08-02T08:51:45,load,98,1.4664423540234566,0,
V100,Tesla V100-PCIE-16GB,qwen-0.5b,Qwen/Qwen2.5-0.5B-Instruct,bfloat16,2026-08-02T08:51:45,load,99,1.339326225221157,0,
V100,Tesla V100-PCIE-16GB,qwen-0.5b,Qwen/Qwen2.5-0.5B-Instruct,bfloat16,2026-08-02T08:51:45,inference,0,0.8983851452358067,24,
V100,Tesla V100-PCIE-16GB,qwen-0.5b,Qwen/Qwen2.5-0.5B-Instruct,bfloat16,2026-08-02T08:51:45,inference,1,0.8983275196515024,24,
V100,Tesla V100-PCIE-16GB,qwen-0.5b,Qwen/Qwen2.5-0.5B-Instruct,bfloat16,2026-08-02T08:51:45,inference,2,0.8977150223217905,24,
V100,Tesla V100-PCIE-16GB,qwen-0.5b,Qwen/Qwen2.5-0.5B-Instruct,bfloat16,2026-08-02T08:51:45,inference,3,0.8976902780123055,24,
V100,Tesla V100-PCIE-16GB,qwen-0.5b,Qwen/Qwen2.5-0.5B-Instruct,bfloat16,2026-08-02T08:51:45,inference,4,0.9027322977781296,24,
V100,Tesla V100-PCIE-16GB,qwen-0.5b,Qwen/Qwen2.5-0.5B-Instruct,bfloat16,2026-08-02T08:51:45,inference,5,0.8993024216033518,24,
V100,Tesla V100-PCIE-16GB,qwen-0.5b,Qwen/Qwen2.5-0.5B-Instruct,bfloat16,2026-08-02T08:51:45,inference,6,0.8983153230510652,24,
V100,Tesla V100-PCIE-16GB,qwen-0.5b,Qwen/Qwen2.5-0.5B-Instruct,bfloat16,2026-08-02T08:51:45,inference,7,0.8983172620646656,24,
V100,Tesla V100-PCIE-16GB,qwen-0.5b,Qwen/Qwen2.5-0.5B-Instruct,bfloat16,2026-08-02T08:51:45,inference,8,0.8993008290417492,24,
V100,Tesla V100-PCIE-16GB,qwen-0.5b,Qwen/Qwen2.5-0.5B-Instruct,bfloat16,2026-08-02T08:51:45,inference,9,0.9013929180800915,24,
V100,Tesla V100-PCIE-16GB,qwen-0.5b,Qwen/Qwen2.5-0.5B-Instruct,bfloat16,2026-08-02T08:51:45,inference,10,0.9031830099411309,24,
V100,Tesla V100-PCIE-16GB,qwen-0.5b,Qwen/Qwen2.5-0.5B-Instruct,bfloat16,2026-08-02T08:51:45,inference,11,0.8986250893212855,24,
V100,Tesla V100-PCIE-16GB,qwen-0.5b,Qwen/Qwen2.5-0.5B-Instruct,bfloat16,2026-08-02T08:51:45,inference,12,0.8977245716378093,24,
V100,Tesla V100-PCIE-16GB,qwen-0.5b,Qwen/Qwen2.5-0.5B-Instruct,bfloat16,2026-08-02T08:51:45,inference,13,0.8992164838127792,24,
V100,Tesla V100-PCIE-16GB,qwen-0.5b,Qwen/Qwen2.5-0.5B-Instruct,bfloat16,2026-08-02T08:51:45,inference,14,0.8998610018752515,24,
V100,Tesla V100-PCIE-16GB,qwen-0.5b,Qwen/Qwen2.5-0.5B-Instruct,bfloat16,2026-08-02T08:51:45,inference,15,0.8993397238664329,24,
V100,Tesla V100-PCIE-16GB,qwen-0.5b,Qwen/Qwen2.5-0.5B-Instruct,bfloat16,2026-08-02T08:51:45,inference,16,0.8990462319925427,24,
V100,Tesla V100-PCIE-16GB,qwen-0.5b,Qwen/Qwen2.5-0.5B-Instruct,bfloat16,2026-08-02T08:51:45,inference,17,0.898209978826344,24,
V100,Tesla V100-PCIE-16GB,qwen-0.5b,Qwen/Qwen2.5-0.5B-Instruct,bfloat16,2026-08-02T08:51:45,inference,18,0.8995491610839963,24,
V100,Tesla V100-PCIE-16GB,qwen-0.5b,Qwen/Qwen2.5-0.5B-Instruct,bfloat16,2026-08-02T08:51:45,inference,19,0.8991511072963476,24,
V100,Tesla V100-PCIE-16GB,qwen-0.5b,Qwen/Qwen2.5-0.5B-Instruct,bfloat16,2026-08-02T08:51:45,inference,20,0.9042282840237021,24,
V100,Tesla V100-PCIE-16GB,qwen-0.5b,Qwen/Qwen2.5-0.5B-Instruct,bfloat16,2026-08-02T08:51:45,inference,21,0.9063083496876061,24,
V100,Tesla V100-PCIE-16GB,qwen-0.5b,Qwen/Qwen2.5-0.5B-Instruct,bfloat16,2026-08-02T08:51:45,inference,22,0.906662271823734,24,
V100,Tesla V100-PCIE-16GB,qwen-0.5b,Qwen/Qwen2.5-0.5B-Instruct,bfloat16,2026-08-02T08:51:45,inference,23,0.9130322360433638,24,
V100,Tesla V100-PCIE-16GB,qwen-0.5b,Qwen/Qwen2.5-0.5B-Instruct,bfloat16,2026-08-02T08:51:45,inference,24,0.9076695828698575,24,
V100,Tesla V100-PCIE-16GB,qwen-0.5b,Qwen/Qwen2.5-0.5B-Instruct,bfloat16,2026-08-02T08:51:45,inference,25,0.9069286859594285,24,
V100,Tesla V100-PCIE-16GB,qwen-0.5b,Qwen/Qwen2.5-0.5B-Instruct,bfloat16,2026-08-02T08:51:45,inference,26,0.9083345825783908,24,
V100,Tesla V100-PCIE-16GB,qwen-0.5b,Qwen/Qwen2.5-0.5B-Instruct,bfloat16,2026-08-02T08:51:45,inference,27,0.9090257580392063,24,
V100,Tesla V100-PCIE-16GB,qwen-0.5b,Qwen/Qwen2.5-0.5B-Instruct,bfloat16,2026-08-02T08:51:45,inference,28,0.9066443778574467,24,
V100,Tesla V100-PCIE-16GB,qwen-0.5b,Qwen/Qwen2.5-0.5B-Instruct,bfloat16,2026-08-02T08:51:45,inference,29,0.9078058288432658,24,
V100,Tesla V100-PCIE-16GB,qwen-0.5b,Qwen/Qwen2.5-0.5B-Instruct,bfloat16,2026-08-02T08:51:45,inference,30,0.9067916963249445,24,
V100,Tesla V100-PCIE-16GB,qwen-0.5b,Qwen/Qwen2.5-0.5B-Instruct,bfloat16,2026-08-02T08:51:45,inference,31,0.9061436299234629,24,
V100,Tesla V100-PCIE-16GB,qwen-0.5b,Qwen/Qwen2.5-0.5B-Instruct,bfloat16,2026-08-02T08:51:45,inference,32,0.9103173920884728,24,
V100,Tesla V100-PCIE-16GB,qwen-0.5b,Qwen/Qwen2.5-0.5B-Instruct,bfloat16,2026-08-02T08:51:45,inference,33,0.9072038396261632,24,
V100,Tesla V100-PCIE-16GB,qwen-0.5b,Qwen/Qwen2.5-0.5B-Instruct,bfloat16,2026-08-02T08:51:45,inference,34,0.9059865870513022,24,
V100,Tesla V100-PCIE-16GB,qwen-0.5b,Qwen/Qwen2.5-0.5B-Instruct,bfloat16,2026-08-02T08:51:45,inference,35,0.902202713303268,24,
V100,Tesla V100-PCIE-16GB,qwen-0.5b,Qwen/Qwen2.5-0.5B-Instruct,bfloat16,2026-08-02T08:51:45,inference,36,0.9016143600456417,24,
V100,Tesla V100-PCIE-16GB,qwen-0.5b,Qwen/Qwen2.5-0.5B-Instruct,bfloat16,2026-08-02T08:51:45,inference,37,0.9005623762495816,24,
V100,Tesla V100-PCIE-16GB,qwen-0.5b,Qwen/Qwen2.5-0.5B-Instruct,bfloat16,2026-08-02T08:51:45,inference,38,0.9003579961135983,24,
V100,Tesla V100-PCIE-16GB,qwen-0.5b,Qwen/Qwen2.5-0.5B-Instruct,bfloat16,2026-08-02T08:51:45,inference,39,0.9004978951998055,24,
V100,Tesla V100-PCIE-16GB,qwen-0.5b,Qwen/Qwen2.5-0.5B-Instruct,bfloat16,2026-08-02T08:51:45,inference,40,0.9003189657814801,24,
V100,Tesla V100-PCIE-16GB,qwen-0.5b,Qwen/Qwen2.5-0.5B-Instruct,bfloat16,2026-08-02T08:51:45,inference,41,0.9016410340555012,24,
V100,Tesla V100-PCIE-16GB,qwen-0.5b,Qwen/Qwen2.5-0.5B-Instruct,bfloat16,2026-08-02T08:51:45,inference,42,0.9002833436243236,24,
V100,Tesla V100-PCIE-16GB,qwen-0.5b,Qwen/Qwen2.5-0.5B-Instruct,bfloat16,2026-08-02T08:51:45,inference,43,0.904822557233274,24,
V100,Tesla V100-PCIE-16GB,qwen-0.5b,Qwen/Qwen2.5-0.5B-Instruct,bfloat16,2026-08-02T08:51:45,inference,44,0.9004894350655377,24,
V100,Tesla V100-PCIE-16GB,qwen-0.5b,Qwen/Qwen2.5-0.5B-Instruct,bfloat16,2026-08-02T08:51:45,inference,45,0.9002319881692529,24,
V100,Tesla V100-PCIE-16GB,qwen-0.5b,Qwen/Qwen2.5-0.5B-Instruct,bfloat16,2026-08-02T08:51:45,inference,46,0.8994583017192781,24,
V100,Tesla V100-PCIE-16GB,qwen-0.5b,Qwen/Qwen2.5-0.5B-Instruct,bfloat16,2026-08-02T08:51:45,inference,47,0.9022072562947869,24,
V100,Tesla V100-PCIE-16GB,qwen-0.5b,Qwen/Qwen2.5-0.5B-Instruct,bfloat16,2026-08-02T08:51:45,inference,48,0.9051627861335874,24,
V100,Tesla V100-PCIE-16GB,qwen-0.5b,Qwen/Qwen2.5-0.5B-Instruct,bfloat16,2026-08-02T08:51:45,inference,49,0.9062169981189072,24,
V100,Tesla V100-PCIE-16GB,qwen-0.5b,Qwen/Qwen2.5-0.5B-Instruct,bfloat16,2026-08-02T08:51:45,inference,50,0.9071633699350059,24,
V100,Tesla V100-PCIE-16GB,qwen-0.5b,Qwen/Qwen2.5-0.5B-Instruct,bfloat16,2026-08-02T08:51:45,inference,51,0.9090797388926148,24,
V100,Tesla V100-PCIE-16GB,qwen-0.5b,Qwen/Qwen2.5-0.5B-Instruct,bfloat16,2026-08-02T08:51:45,inference,52,0.9073699428699911,24,
V100,Tesla V100-PCIE-16GB,qwen-0.5b,Qwen/Qwen2.5-0.5B-Instruct,bfloat16,2026-08-02T08:51:45,inference,53,0.9070498612709343,24,
V100,Tesla V100-PCIE-16GB,qwen-0.5b,Qwen/Qwen2.5-0.5B-Instruct,bfloat16,2026-08-02T08:51:45,inference,54,0.9069686140865088,24,
V100,Tesla V100-PCIE-16GB,qwen-0.5b,Qwen/Qwen2.5-0.5B-Instruct,bfloat16,2026-08-02T08:51:45,inference,55,0.9063283749856055,24,
V100,Tesla V100-PCIE-16GB,qwen-0.5b,Qwen/Qwen2.5-0.5B-Instruct,bfloat16,2026-08-02T08:51:45,inference,56,0.9061898798681796,24,
V100,Tesla V100-PCIE-16GB,qwen-0.5b,Qwen/Qwen2.5-0.5B-Instruct,bfloat16,2026-08-02T08:51:45,inference,57,0.902570896781981,24,
V100,Tesla V100-PCIE-16GB,qwen-0.5b,Qwen/Qwen2.5-0.5B-Instruct,bfloat16,2026-08-02T08:51:45,inference,58,0.9002053462900221,24,
V100,Tesla V100-PCIE-16GB,qwen-0.5b,Qwen/Qwen2.5-0.5B-Instruct,bfloat16,2026-08-02T08:51:45,inference,59,0.8998553301207721,24,
V100,Tesla V100-PCIE-16GB,qwen-0.5b,Qwen/Qwen2.5-0.5B-Instruct,bfloat16,2026-08-02T08:51:45,inference,60,0.9047623001970351,24,
V100,Tesla V100-PCIE-16GB,qwen-0.5b,Qwen/Qwen2.5-0.5B-Instruct,bfloat16,2026-08-02T08:51:45,inference,61,0.9054117170162499,24,
V100,Tesla V100-PCIE-16GB,qwen-0.5b,Qwen/Qwen2.5-0.5B-Instruct,bfloat16,2026-08-02T08:51:45,inference,62,0.8998699919320643,24,
V100,Tesla V100-PCIE-16GB,qwen-0.5b,Qwen/Qwen2.5-0.5B-Instruct,bfloat16,2026-08-02T08:51:45,inference,63,0.900385188870132,24,
V100,Tesla V100-PCIE-16GB,qwen-0.5b,Qwen/Qwen2.5-0.5B-Instruct,bfloat16,2026-08-02T08:51:45,inference,64,0.8993615042418242,24,
V100,Tesla V100-PCIE-16GB,qwen-0.5b,Qwen/Qwen2.5-0.5B-Instruct,bfloat16,2026-08-02T08:51:45,inference,65,0.900367044378072,24,
V100,Tesla V100-PCIE-16GB,qwen-0.5b,Qwen/Qwen2.5-0.5B-Instruct,bfloat16,2026-08-02T08:51:45,inference,66,0.8990132976323366,24,
V100,Tesla V100-PCIE-16GB,qwen-0.5b,Qwen/Qwen2.5-0.5B-Instruct,bfloat16,2026-08-02T08:51:45,inference,67,0.8991383258253336,24,
V100,Tesla V100-PCIE-16GB,qwen-0.5b,Qwen/Qwen2.5-0.5B-Instruct,bfloat16,2026-08-02T08:51:45,inference,68,0.8988913660869002,24,
V100,Tesla V100-PCIE-16GB,qwen-0.5b,Qwen/Qwen2.5-0.5B-Instruct,bfloat16,2026-08-02T08:51:45,inference,69,0.9035721672698855,24,
V100,Tesla V100-PCIE-16GB,qwen-0.5b,Qwen/Qwen2.5-0.5B-Instruct,bfloat16,2026-08-02T08:51:45,inference,70,0.9054587259888649,24,
V100,Tesla V100-PCIE-16GB,qwen-0.5b,Qwen/Qwen2.5-0.5B-Instruct,bfloat16,2026-08-02T08:51:45,inference,71,0.9066652138717473,24,
V100,Tesla V100-PCIE-16GB,qwen-0.5b,Qwen/Qwen2.5-0.5B-Instruct,bfloat16,2026-08-02T08:51:45,inference,72,0.9056190080009401,24,
V100,Tesla V100-PCIE-16GB,qwen-0.5b,Qwen/Qwen2.5-0.5B-Instruct,bfloat16,2026-08-02T08:51:45,inference,73,0.9065802730619907,24,
V100,Tesla V100-PCIE-16GB,qwen-0.5b,Qwen/Qwen2.5-0.5B-Instruct,bfloat16,2026-08-02T08:51:45,inference,74,0.9090875871479511,24,
V100,Tesla V100-PCIE-16GB,qwen-0.5b,Qwen/Qwen2.5-0.5B-Instruct,bfloat16,2026-08-02T08:51:45,inference,75,0.9063348057679832,24,
V100,Tesla V100-PCIE-16GB,qwen-0.5b,Qwen/Qwen2.5-0.5B-Instruct,bfloat16,2026-08-02T08:51:45,inference,76,0.9111835332587361,24,
V100,Tesla V100-PCIE-16GB,qwen-0.5b,Qwen/Qwen2.5-0.5B-Instruct,bfloat16,2026-08-02T08:51:45,inference,77,0.9068434238433838,24,
V100,Tesla V100-PCIE-16GB,qwen-0.5b,Qwen/Qwen2.5-0.5B-Instruct,bfloat16,2026-08-02T08:51:45,inference,78,0.9041103296913207,24,
V100,Tesla V100-PCIE-16GB,qwen-0.5b,Qwen/Qwen2.5-0.5B-Instruct,bfloat16,2026-08-02T08:51:45,inference,79,0.9024481638334692,24,
V100,Tesla V100-PCIE-16GB,qwen-0.5b,Qwen/Qwen2.5-0.5B-Instruct,bfloat16,2026-08-02T08:51:45,inference,80,0.9003285760991275,24,
V100,Tesla V100-PCIE-16GB,qwen-0.5b,Qwen/Qwen2.5-0.5B-Instruct,bfloat16,2026-08-02T08:51:45,inference,81,0.8993982872925699,24,
V100,Tesla V100-PCIE-16GB,qwen-0.5b,Qwen/Qwen2.5-0.5B-Instruct,bfloat16,2026-08-02T08:51:45,inference,82,0.8991258670575917,24,
V100,Tesla V100-PCIE-16GB,qwen-0.5b,Qwen/Qwen2.5-0.5B-Instruct,bfloat16,2026-08-02T08:51:45,inference,83,0.9005415281280875,24,
V100,Tesla V100-PCIE-16GB,qwen-0.5b,Qwen/Qwen2.5-0.5B-Instruct,bfloat16,2026-08-02T08:51:45,inference,84,0.9000904322601855,24,
V100,Tesla V100-PCIE-16GB,qwen-0.5b,Qwen/Qwen2.5-0.5B-Instruct,bfloat16,2026-08-02T08:51:45,inference,85,0.899969918653369,24,
V100,Tesla V100-PCIE-16GB,qwen-0.5b,Qwen/Qwen2.5-0.5B-Instruct,bfloat16,2026-08-02T08:51:45,inference,86,0.9010852808132768,24,
V100,Tesla V100-PCIE-16GB,qwen-0.5b,Qwen/Qwen2.5-0.5B-Instruct,bfloat16,2026-08-02T08:51:45,inference,87,0.9000058630481362,24,
V100,Tesla V100-PCIE-16GB,qwen-0.5b,Qwen/Qwen2.5-0.5B-Instruct,bfloat16,2026-08-02T08:51:45,inference,88,0.8989751492626965,24,
V100,Tesla V100-PCIE-16GB,qwen-0.5b,Qwen/Qwen2.5-0.5B-Instruct,bfloat16,2026-08-02T08:51:45,inference,89,0.8989676982164383,24,
V100,Tesla V100-PCIE-16GB,qwen-0.5b,Qwen/Qwen2.5-0.5B-Instruct,bfloat16,2026-08-02T08:51:45,inference,90,0.8990698070265353,24,
V100,Tesla V100-PCIE-16GB,qwen-0.5b,Qwen/Qwen2.5-0.5B-Instruct,bfloat16,2026-08-02T08:51:45,inference,91,0.9020144529640675,24,
V100,Tesla V100-PCIE-16GB,qwen-0.5b,Qwen/Qwen2.5-0.5B-Instruct,bfloat16,2026-08-02T08:51:45,inference,92,0.9015857558697462,24,
V100,Tesla V100-PCIE-16GB,qwen-0.5b,Qwen/Qwen2.5-0.5B-Instruct,bfloat16,2026-08-02T08:51:45,inference,93,0.9102735631167889,24,
V100,Tesla V100-PCIE-16GB,qwen-0.5b,Qwen/Qwen2.5-0.5B-Instruct,bfloat16,2026-08-02T08:51:45,inference,94,0.9067823551595211,24,
V100,Tesla V100-PCIE-16GB,qwen-0.5b,Qwen/Qwen2.5-0.5B-Instruct,bfloat16,2026-08-02T08:51:45,inference,95,0.9072505957446992,24,
V100,Tesla V100-PCIE-16GB,qwen-0.5b,Qwen/Qwen2.5-0.5B-Instruct,bfloat16,2026-08-02T08:51:45,inference,96,0.9062223979271948,24,
V100,Tesla V100-PCIE-16GB,qwen-0.5b,Qwen/Qwen2.5-0.5B-Instruct,bfloat16,2026-08-02T08:51:45,inference,97,0.9069980778731406,24,
V100,Tesla V100-PCIE-16GB,qwen-0.5b,Qwen/Qwen2.5-0.5B-Instruct,bfloat16,2026-08-02T08:51:45,inference,98,0.9064589077606797,24,
V100,Tesla V100-PCIE-16GB,qwen-0.5b,Qwen/Qwen2.5-0.5B-Instruct,bfloat16,2026-08-02T08:51:45,inference,99,0.9065474728122354,24,
V100,Tesla V100-PCIE-16GB,qwen-3b,Qwen/Qwen2.5-3B-Instruct,bfloat16,2026-08-02T08:51:45,load,0,3.3494858890771866,0,
V100,Tesla V100-PCIE-16GB,qwen-3b,Qwen/Qwen2.5-3B-Instruct,bfloat16,2026-08-02T08:51:45,load,1,3.408462177030742,0,
V100,Tesla V100-PCIE-16GB,qwen-3b,Qwen/Qwen2.5-3B-Instruct,bfloat16,2026-08-02T08:51:45,load,2,3.3929869211278856,0,
V100,Tesla V100-PCIE-16GB,qwen-3b,Qwen/Qwen2.5-3B-Instruct,bfloat16,2026-08-02T08:51:45,load,3,3.3935301899909973,0,
V100,Tesla V100-PCIE-16GB,qwen-3b,Qwen/Qwen2.5-3B-Instruct,bfloat16,2026-08-02T08:51:45,load,4,3.515849149785936,0,
V100,Tesla V100-PCIE-16GB,qwen-3b,Qwen/Qwen2.5-3B-Instruct,bfloat16,2026-08-02T08:51:45,load,5,3.9686215412802994,0,
V100,Tesla V100-PCIE-16GB,qwen-3b,Qwen/Qwen2.5-3B-Instruct,bfloat16,2026-08-02T08:51:45,load,6,3.464553654193878,0,
V100,Tesla V100-PCIE-16GB,qwen-3b,Qwen/Qwen2.5-3B-Instruct,bfloat16,2026-08-02T08:51:45,load,7,3.8402979392558336,0,
V100,Tesla V100-PCIE-16GB,qwen-3b,Qwen/Qwen2.5-3B-Instruct,bfloat16,2026-08-02T08:51:45,load,8,3.4072909047827125,0,
V100,Tesla V100-PCIE-16GB,qwen-3b,Qwen/Qwen2.5-3B-Instruct,bfloat16,2026-08-02T08:51:45,load,9,3.3830329817719758,0,
V100,Tesla V100-PCIE-16GB,qwen-3b,Qwen/Qwen2.5-3B-Instruct,bfloat16,2026-08-02T08:51:45,load,10,3.4036611900664866,0,
V100,Tesla V100-PCIE-16GB,qwen-3b,Qwen/Qwen2.5-3B-Instruct,bfloat16,2026-08-02T08:51:45,load,11,3.301590654067695,0,
V100,Tesla V100-PCIE-16GB,qwen-3b,Qwen/Qwen2.5-3B-Instruct,bfloat16,2026-08-02T08:51:45,load,12,3.277868018951267,0,
V100,Tesla V100-PCIE-16GB,qwen-3b,Qwen/Qwen2.5-3B-Instruct,bfloat16,2026-08-02T08:51:45,load,13,3.330784737598151,0,
V100,Tesla V100-PCIE-16GB,qwen-3b,Qwen/Qwen2.5-3B-Instruct,bfloat16,2026-08-02T08:51:45,load,14,3.395023709628731,0,
V100,Tesla V100-PCIE-16GB,qwen-3b,Qwen/Qwen2.5-3B-Instruct,bfloat16,2026-08-02T08:51:45,load,15,3.3734055678360164,0,
V100,Tesla V100-PCIE-16GB,qwen-3b,Qwen/Qwen2.5-3B-Instruct,bfloat16,2026-08-02T08:51:45,load,16,3.3396535590291023,0,
V100,Tesla V100-PCIE-16GB,qwen-3b,Qwen/Qwen2.5-3B-Instruct,bfloat16,2026-08-02T08:51:45,load,17,3.3415234950371087,0,
V100,Tesla V100-PCIE-16GB,qwen-3b,Qwen/Qwen2.5-3B-Instruct,bfloat16,2026-08-02T08:51:45,load,18,3.3051812928169966,0,
V100,Tesla V100-PCIE-16GB,qwen-3b,Qwen/Qwen2.5-3B-Instruct,bfloat16,2026-08-02T08:51:45,load,19,3.348679813090712,0,
V100,Tesla V100-PCIE-16GB,qwen-3b,Qwen/Qwen2.5-3B-Instruct,bfloat16,2026-08-02T08:51:45,load,20,3.383280193898827,0,
V100,Tesla V100-PCIE-16GB,qwen-3b,Qwen/Qwen2.5-3B-Instruct,bfloat16,2026-08-02T08:51:45,load,21,3.39155480498448,0,
V100,Tesla V100-PCIE-16GB,qwen-3b,Qwen/Qwen2.5-3B-Instruct,bfloat16,2026-08-02T08:51:45,load,22,3.3355661407113075,0,
V100,Tesla V100-PCIE-16GB,qwen-3b,Qwen/Qwen2.5-3B-Instruct,bfloat16,2026-08-02T08:51:45,load,23,3.3329337281174958,0,
V100,Tesla V100-PCIE-16GB,qwen-3b,Qwen/Qwen2.5-3B-Instruct,bfloat16,2026-08-02T08:51:45,load,24,3.288893996272236,0,
V100,Tesla V100-PCIE-16GB,qwen-3b,Qwen/Qwen2.5-3B-Instruct,bfloat16,2026-08-02T08:51:45,load,25,3.3738339068368077,0,
V100,Tesla V100-PCIE-16GB,qwen-3b,Qwen/Qwen2.5-3B-Instruct,bfloat16,2026-08-02T08:51:45,load,26,3.394693298265338,0,
V100,Tesla V100-PCIE-16GB,qwen-3b,Qwen/Qwen2.5-3B-Instruct,bfloat16,2026-08-02T08:51:45,load,27,3.3962050857953727,0,
V100,Tesla V100-PCIE-16GB,qwen-3b,Qwen/Qwen2.5-3B-Instruct,bfloat16,2026-08-02T08:51:45,load,28,3.36926723504439,0,
V100,Tesla V100-PCIE-16GB,qwen-3b,Qwen/Qwen2.5-3B-Instruct,bfloat16,2026-08-02T08:51:45,load,29,3.299313705880195,0,
V100,Tesla V100-PCIE-16GB,qwen-3b,Qwen/Qwen2.5-3B-Instruct,bfloat16,2026-08-02T08:51:45,load,30,3.271113174967468,0,
V100,Tesla V100-PCIE-16GB,qwen-3b,Qwen/Qwen2.5-3B-Instruct,bfloat16,2026-08-02T08:51:45,load,31,3.402786497026682,0,
V100,Tesla V100-PCIE-16GB,qwen-3b,Qwen/Qwen2.5-3B-Instruct,bfloat16,2026-08-02T08:51:45,load,32,3.3182849721051753,0,
V100,Tesla V100-PCIE-16GB,qwen-3b,Qwen/Qwen2.5-3B-Instruct,bfloat16,2026-08-02T08:51:45,load,33,3.3061527712270617,0,
V100,Tesla V100-PCIE-16GB,qwen-3b,Qwen/Qwen2.5-3B-Instruct,bfloat16,2026-08-02T08:51:45,load,34,3.275551355909556,0,
V100,Tesla V100-PCIE-16GB,qwen-3b,Qwen/Qwen2.5-3B-Instruct,bfloat16,2026-08-02T08:51:45,load,35,3.3181051020510495,0,
V100,Tesla V100-PCIE-16GB,qwen-3b,Qwen/Qwen2.5-3B-Instruct,bfloat16,2026-08-02T08:51:45,load,36,3.39191883103922,0,
V100,Tesla V100-PCIE-16GB,qwen-3b,Qwen/Qwen2.5-3B-Instruct,bfloat16,2026-08-02T08:51:45,load,37,3.3020292320288718,0,
V100,Tesla V100-PCIE-16GB,qwen-3b,Qwen/Qwen2.5-3B-Instruct,bfloat16,2026-08-02T08:51:45,load,38,3.3154892181046307,0,
V100,Tesla V100-PCIE-16GB,qwen-3b,Qwen/Qwen2.5-3B-Instruct,bfloat16,2026-08-02T08:51:45,load,39,3.3091225870884955,0,
V100,Tesla V100-PCIE-16GB,qwen-3b,Qwen/Qwen2.5-3B-Instruct,bfloat16,2026-08-02T08:51:45,load,40,3.340613230597228,0,
V100,Tesla V100-PCIE-16GB,qwen-3b,Qwen/Qwen2.5-3B-Instruct,bfloat16,2026-08-02T08:51:45,load,41,3.322604720015079,0,
V100,Tesla V100-PCIE-16GB,qwen-3b,Qwen/Qwen2.5-3B-Instruct,bfloat16,2026-08-02T08:51:45,load,42,3.303866125177592,0,
V100,Tesla V100-PCIE-16GB,qwen-3b,Qwen/Qwen2.5-3B-Instruct,bfloat16,2026-08-02T08:51:45,load,43,3.4511436973698437,0,
V100,Tesla V100-PCIE-16GB,qwen-3b,Qwen/Qwen2.5-3B-Instruct,bfloat16,2026-08-02T08:51:45,load,44,3.3434911579824984,0,
V100,Tesla V100-PCIE-16GB,qwen-3b,Qwen/Qwen2.5-3B-Instruct,bfloat16,2026-08-02T08:51:45,load,45,3.400398108176887,0,
V100,Tesla V100-PCIE-16GB,qwen-3b,Qwen/Qwen2.5-3B-Instruct,bfloat16,2026-08-02T08:51:45,load,46,3.440042281989008,0,
V100,Tesla V100-PCIE-16GB,qwen-3b,Qwen/Qwen2.5-3B-Instruct,bfloat16,2026-08-02T08:51:45,load,47,3.416873170994222,0,
V100,Tesla V100-PCIE-16GB,qwen-3b,Qwen/Qwen2.5-3B-Instruct,bfloat16,2026-08-02T08:51:45,load,48,3.3663939307443798,0,
V100,Tesla V100-PCIE-16GB,qwen-3b,Qwen/Qwen2.5-3B-Instruct,bfloat16,2026-08-02T08:51:45,load,49,3.3788290740922093,0,
V100,Tesla V100-PCIE-16GB,qwen-3b,Qwen/Qwen2.5-3B-Instruct,bfloat16,2026-08-02T08:51:45,load,50,3.2641823678277433,0,
V100,Tesla V100-PCIE-16GB,qwen-3b,Qwen/Qwen2.5-3B-Instruct,bfloat16,2026-08-02T08:51:45,load,51,3.3222845257259905,0,
V100,Tesla V100-PCIE-16GB,qwen-3b,Qwen/Qwen2.5-3B-Instruct,bfloat16,2026-08-02T08:51:45,load,52,3.3352900380268693,0,
V100,Tesla V100-PCIE-16GB,qwen-3b,Qwen/Qwen2.5-3B-Instruct,bfloat16,2026-08-02T08:51:45,load,53,3.407667006831616,0,
V100,Tesla V100-PCIE-16GB,qwen-3b,Qwen/Qwen2.5-3B-Instruct,bfloat16,2026-08-02T08:51:45,load,54,3.3067316338419914,0,
V100,Tesla V100-PCIE-16GB,qwen-3b,Qwen/Qwen2.5-3B-Instruct,bfloat16,2026-08-02T08:51:45,load,55,3.278676144313067,0,
V100,Tesla V100-PCIE-16GB,qwen-3b,Qwen/Qwen2.5-3B-Instruct,bfloat16,2026-08-02T08:51:45,load,56,3.2701823273673654,0,
V100,Tesla V100-PCIE-16GB,qwen-3b,Qwen/Qwen2.5-3B-Instruct,bfloat16,2026-08-02T08:51:45,load,57,3.279716245830059,0,
V100,Tesla V100-PCIE-16GB,qwen-3b,Qwen/Qwen2.5-3B-Instruct,bfloat16,2026-08-02T08:51:45,load,58,3.3221991690807045,0,
V100,Tesla V100-PCIE-16GB,qwen-3b,Qwen/Qwen2.5-3B-Instruct,bfloat16,2026-08-02T08:51:45,load,59,3.332988001871854,0,
V100,Tesla V100-PCIE-16GB,qwen-3b,Qwen/Qwen2.5-3B-Instruct,bfloat16,2026-08-02T08:51:45,load,60,3.3692146660760045,0,
V100,Tesla V100-PCIE-16GB,qwen-3b,Qwen/Qwen2.5-3B-Instruct,bfloat16,2026-08-02T08:51:45,load,61,3.3197551309131086,0,
V100,Tesla V100-PCIE-16GB,qwen-3b,Qwen/Qwen2.5-3B-Instruct,bfloat16,2026-08-02T08:51:45,load,62,3.269069756846875,0,
V100,Tesla V100-PCIE-16GB,qwen-3b,Qwen/Qwen2.5-3B-Instruct,bfloat16,2026-08-02T08:51:45,load,63,3.3431662428192794,0,
V100,Tesla V100-PCIE-16GB,qwen-3b,Qwen/Qwen2.5-3B-Instruct,bfloat16,2026-08-02T08:51:45,load,64,3.3313348717056215,0,
V100,Tesla V100-PCIE-16GB,qwen-3b,Qwen/Qwen2.5-3B-Instruct,bfloat16,2026-08-02T08:51:45,load,65,3.370293765794486,0,
V100,Tesla V100-PCIE-16GB,qwen-3b,Qwen/Qwen2.5-3B-Instruct,bfloat16,2026-08-02T08:51:45,load,66,3.3307778029702604,0,
V100,Tesla V100-PCIE-16GB,qwen-3b,Qwen/Qwen2.5-3B-Instruct,bfloat16,2026-08-02T08:51:45,load,67,3.3362983409315348,0,
V100,Tesla V100-PCIE-16GB,qwen-3b,Qwen/Qwen2.5-3B-Instruct,bfloat16,2026-08-02T08:51:45,load,68,3.282548666000366,0,
V100,Tesla V100-PCIE-16GB,qwen-3b,Qwen/Qwen2.5-3B-Instruct,bfloat16,2026-08-02T08:51:45,load,69,3.281859220005572,0,
V100,Tesla V100-PCIE-16GB,qwen-3b,Qwen/Qwen2.5-3B-Instruct,bfloat16,2026-08-02T08:51:45,load,70,3.3885334599763155,0,
V100,Tesla V100-PCIE-16GB,qwen-3b,Qwen/Qwen2.5-3B-Instruct,bfloat16,2026-08-02T08:51:45,load,71,3.369689461309463,0,
V100,Tesla V100-PCIE-16GB,qwen-3b,Qwen/Qwen2.5-3B-Instruct,bfloat16,2026-08-02T08:51:45,load,72,3.318496669176966,0,
V100,Tesla V100-PCIE-16GB,qwen-3b,Qwen/Qwen2.5-3B-Instruct,bfloat16,2026-08-02T08:51:45,load,73,3.281808610074222,0,
V100,Tesla V100-PCIE-16GB,qwen-3b,Qwen/Qwen2.5-3B-Instruct,bfloat16,2026-08-02T08:51:45,load,74,3.274121125228703,0,
V100,Tesla V100-PCIE-16GB,qwen-3b,Qwen/Qwen2.5-3B-Instruct,bfloat16,2026-08-02T08:51:45,load,75,3.318101014010608,0,
V100,Tesla V100-PCIE-16GB,qwen-3b,Qwen/Qwen2.5-3B-Instruct,bfloat16,2026-08-02T08:51:45,load,76,3.313732592854649,0,
V100,Tesla V100-PCIE-16GB,qwen-3b,Qwen/Qwen2.5-3B-Instruct,bfloat16,2026-08-02T08:51:45,load,77,3.3652094048447907,0,
V100,Tesla V100-PCIE-16GB,qwen-3b,Qwen/Qwen2.5-3B-Instruct,bfloat16,2026-08-02T08:51:45,load,78,3.8430004226975143,0,
V100,Tesla V100-PCIE-16GB,qwen-3b,Qwen/Qwen2.5-3B-Instruct,bfloat16,2026-08-02T08:51:45,load,79,3.734156643971801,0,
V100,Tesla V100-PCIE-16GB,qwen-3b,Qwen/Qwen2.5-3B-Instruct,bfloat16,2026-08-02T08:51:45,load,80,4.156443895306438,0,
V100,Tesla V100-PCIE-16GB,qwen-3b,Qwen/Qwen2.5-3B-Instruct,bfloat16,2026-08-02T08:51:45,load,81,3.9828203660435975,0,
V100,Tesla V100-PCIE-16GB,qwen-3b,Qwen/Qwen2.5-3B-Instruct,bfloat16,2026-08-02T08:51:45,load,82,3.3447890980169177,0,
V100,Tesla V100-PCIE-16GB,qwen-3b,Qwen/Qwen2.5-3B-Instruct,bfloat16,2026-08-02T08:51:45,load,83,3.359528811648488,0,
V100,Tesla V100-PCIE-16GB,qwen-3b,Qwen/Qwen2.5-3B-Instruct,bfloat16,2026-08-02T08:51:45,load,84,3.349884687922895,0,
V100,Tesla V100-PCIE-16GB,qwen-3b,Qwen/Qwen2.5-3B-Instruct,bfloat16,2026-08-02T08:51:45,load,85,3.3022571890614927,0,
V100,Tesla V100-PCIE-16GB,qwen-3b,Qwen/Qwen2.5-3B-Instruct,bfloat16,2026-08-02T08:51:45,load,86,3.2490538679994643,0,
V100,Tesla V100-PCIE-16GB,qwen-3b,Qwen/Qwen2.5-3B-Instruct,bfloat16,2026-08-02T08:51:45,load,87,3.320509395096451,0,
V100,Tesla V100-PCIE-16GB,qwen-3b,Qwen/Qwen2.5-3B-Instruct,bfloat16,2026-08-02T08:51:45,load,88,3.3459967048838735,0,
V100,Tesla V100-PCIE-16GB,qwen-3b,Qwen/Qwen2.5-3B-Instruct,bfloat16,2026-08-02T08:51:45,load,89,3.320104226935655,0,
V100,Tesla V100-PCIE-16GB,qwen-3b,Qwen/Qwen2.5-3B-Instruct,bfloat16,2026-08-02T08:51:45,load,90,3.31218353100121,0,
V100,Tesla V100-PCIE-16GB,qwen-3b,Qwen/Qwen2.5-3B-Instruct,bfloat16,2026-08-02T08:51:45,load,91,3.308952675200999,0,
V100,Tesla V100-PCIE-16GB,qwen-3b,Qwen/Qwen2.5-3B-Instruct,bfloat16,2026-08-02T08:51:45,load,92,3.309665909036994,0,
V100,Tesla V100-PCIE-16GB,qwen-3b,Qwen/Qwen2.5-3B-Instruct,bfloat16,2026-08-02T08:51:45,load,93,3.389875669963658,0,
V100,Tesla V100-PCIE-16GB,qwen-3b,Qwen/Qwen2.5-3B-Instruct,bfloat16,2026-08-02T08:51:45,load,94,3.324492748826742,0,
V100,Tesla V100-PCIE-16GB,qwen-3b,Qwen/Qwen2.5-3B-Instruct,bfloat16,2026-08-02T08:51:45,load,95,3.3381378878839314,0,
V100,Tesla V100-PCIE-16GB,qwen-3b,Qwen/Qwen2.5-3B-Instruct,bfloat16,2026-08-02T08:51:45,load,96,3.282454469241202,0,
V100,Tesla V100-PCIE-16GB,qwen-3b,Qwen/Qwen2.5-3B-Instruct,bfloat16,2026-08-02T08:51:45,load,97,3.3197761178016663,0,
V100,Tesla V100-PCIE-16GB,qwen-3b,Qwen/Qwen2.5-3B-Instruct,bfloat16,2026-08-02T08:51:45,load,98,3.368168677203357,0,
V100,Tesla V100-PCIE-16GB,qwen-3b,Qwen/Qwen2.5-3B-Instruct,bfloat16,2026-08-02T08:51:45,load,99,3.3909778790548444,0,
V100,Tesla V100-PCIE-16GB,qwen-3b,Qwen/Qwen2.5-3B-Instruct,bfloat16,2026-08-02T08:51:45,inference,0,1.402418086770922,24,
V100,Tesla V100-PCIE-16GB,qwen-3b,Qwen/Qwen2.5-3B-Instruct,bfloat16,2026-08-02T08:51:45,inference,1,1.4128279979340732,24,
V100,Tesla V100-PCIE-16GB,qwen-3b,Qwen/Qwen2.5-3B-Instruct,bfloat16,2026-08-02T08:51:45,inference,2,1.402790954336524,24,
V100,Tesla V100-PCIE-16GB,qwen-3b,Qwen/Qwen2.5-3B-Instruct,bfloat16,2026-08-02T08:51:45,inference,3,1.4016150319948792,24,
V100,Tesla V100-PCIE-16GB,qwen-3b,Qwen/Qwen2.5-3B-Instruct,bfloat16,2026-08-02T08:51:45,inference,4,1.4026124067604542,24,
V100,Tesla V100-PCIE-16GB,qwen-3b,Qwen/Qwen2.5-3B-Instruct,bfloat16,2026-08-02T08:51:45,inference,5,1.4006471438333392,24,
V100,Tesla V100-PCIE-16GB,qwen-3b,Qwen/Qwen2.5-3B-Instruct,bfloat16,2026-08-02T08:51:45,inference,6,1.4020450203679502,24,
V100,Tesla V100-PCIE-16GB,qwen-3b,Qwen/Qwen2.5-3B-Instruct,bfloat16,2026-08-02T08:51:45,inference,7,1.4054532870650291,24,
V100,Tesla V100-PCIE-16GB,qwen-3b,Qwen/Qwen2.5-3B-Instruct,bfloat16,2026-08-02T08:51:45,inference,8,1.4024263839237392,24,
V100,Tesla V100-PCIE-16GB,qwen-3b,Qwen/Qwen2.5-3B-Instruct,bfloat16,2026-08-02T08:51:45,inference,9,1.4020684882998466,24,
V100,Tesla V100-PCIE-16GB,qwen-3b,Qwen/Qwen2.5-3B-Instruct,bfloat16,2026-08-02T08:51:45,inference,10,1.400776272173971,24,
V100,Tesla V100-PCIE-16GB,qwen-3b,Qwen/Qwen2.5-3B-Instruct,bfloat16,2026-08-02T08:51:45,inference,11,1.400946720968932,24,
V100,Tesla V100-PCIE-16GB,qwen-3b,Qwen/Qwen2.5-3B-Instruct,bfloat16,2026-08-02T08:51:45,inference,12,1.4118729992769659,24,
V100,Tesla V100-PCIE-16GB,qwen-3b,Qwen/Qwen2.5-3B-Instruct,bfloat16,2026-08-02T08:51:45,inference,13,1.4012959012761712,24,
V100,Tesla V100-PCIE-16GB,qwen-3b,Qwen/Qwen2.5-3B-Instruct,bfloat16,2026-08-02T08:51:45,inference,14,1.4006884819827974,24,
V100,Tesla V100-PCIE-16GB,qwen-3b,Qwen/Qwen2.5-3B-Instruct,bfloat16,2026-08-02T08:51:45,inference,15,1.400743544101715,24,
V100,Tesla V100-PCIE-16GB,qwen-3b,Qwen/Qwen2.5-3B-Instruct,bfloat16,2026-08-02T08:51:45,inference,16,1.424061827827245,24,
V100,Tesla V100-PCIE-16GB,qwen-3b,Qwen/Qwen2.5-3B-Instruct,bfloat16,2026-08-02T08:51:45,inference,17,1.4015297768637538,24,
V100,Tesla V100-PCIE-16GB,qwen-3b,Qwen/Qwen2.5-3B-Instruct,bfloat16,2026-08-02T08:51:45,inference,18,1.4065402299165726,24,
V100,Tesla V100-PCIE-16GB,qwen-3b,Qwen/Qwen2.5-3B-Instruct,bfloat16,2026-08-02T08:51:45,inference,19,1.4001570930704474,24,
V100,Tesla V100-PCIE-16GB,qwen-3b,Qwen/Qwen2.5-3B-Instruct,bfloat16,2026-08-02T08:51:45,inference,20,1.3989969589747488,24,
V100,Tesla V100-PCIE-16GB,qwen-3b,Qwen/Qwen2.5-3B-Instruct,bfloat16,2026-08-02T08:51:45,inference,21,1.4010386690497398,24,
V100,Tesla V100-PCIE-16GB,qwen-3b,Qwen/Qwen2.5-3B-Instruct,bfloat16,2026-08-02T08:51:45,inference,22,1.401940175332129,24,
V100,Tesla V100-PCIE-16GB,qwen-3b,Qwen/Qwen2.5-3B-Instruct,bfloat16,2026-08-02T08:51:45,inference,23,1.4091093568131328,24,
V100,Tesla V100-PCIE-16GB,qwen-3b,Qwen/Qwen2.5-3B-Instruct,bfloat16,2026-08-02T08:51:45,inference,24,1.4000933859497309,24,
V100,Tesla V100-PCIE-16GB,qwen-3b,Qwen/Qwen2.5-3B-Instruct,bfloat16,2026-08-02T08:51:45,inference,25,1.3999283937737346,24,
V100,Tesla V100-PCIE-16GB,qwen-3b,Qwen/Qwen2.5-3B-Instruct,bfloat16,2026-08-02T08:51:45,inference,26,1.400361031293869,24,
V100,Tesla V100-PCIE-16GB,qwen-3b,Qwen/Qwen2.5-3B-Instruct,bfloat16,2026-08-02T08:51:45,inference,27,1.4006089209578931,24,
V100,Tesla V100-PCIE-16GB,qwen-3b,Qwen/Qwen2.5-3B-Instruct,bfloat16,2026-08-02T08:51:45,inference,28,1.399662374984473,24,
V100,Tesla V100-PCIE-16GB,qwen-3b,Qwen/Qwen2.5-3B-Instruct,bfloat16,2026-08-02T08:51:45,inference,29,1.3997993688099086,24,
V100,Tesla V100-PCIE-16GB,qwen-3b,Qwen/Qwen2.5-3B-Instruct,bfloat16,2026-08-02T08:51:45,inference,30,1.3986779772676528,24,
V100,Tesla V100-PCIE-16GB,qwen-3b,Qwen/Qwen2.5-3B-Instruct,bfloat16,2026-08-02T08:51:45,inference,31,1.4000814957544208,24,
V100,Tesla V100-PCIE-16GB,qwen-3b,Qwen/Qwen2.5-3B-Instruct,bfloat16,2026-08-02T08:51:45,inference,32,1.399835875723511,24,
V100,Tesla V100-PCIE-16GB,qwen-3b,Qwen/Qwen2.5-3B-Instruct,bfloat16,2026-08-02T08:51:45,inference,33,1.4123154222033918,24,
V100,Tesla V100-PCIE-16GB,qwen-3b,Qwen/Qwen2.5-3B-Instruct,bfloat16,2026-08-02T08:51:45,inference,34,1.3997444547712803,24,
V100,Tesla V100-PCIE-16GB,qwen-3b,Qwen/Qwen2.5-3B-Instruct,bfloat16,2026-08-02T08:51:45,inference,35,1.4006173228845,24,
V100,Tesla V100-PCIE-16GB,qwen-3b,Qwen/Qwen2.5-3B-Instruct,bfloat16,2026-08-02T08:51:45,inference,36,1.399733904749155,24,
V100,Tesla V100-PCIE-16GB,qwen-3b,Qwen/Qwen2.5-3B-Instruct,bfloat16,2026-08-02T08:51:45,inference,37,1.4010026147589087,24,
V100,Tesla V100-PCIE-16GB,qwen-3b,Qwen/Qwen2.5-3B-Instruct,bfloat16,2026-08-02T08:51:45,inference,38,1.3996872650459409,24,
V100,Tesla V100-PCIE-16GB,qwen-3b,Qwen/Qwen2.5-3B-Instruct,bfloat16,2026-08-02T08:51:45,inference,39,1.4028079090639949,24,
V100,Tesla V100-PCIE-16GB,qwen-3b,Qwen/Qwen2.5-3B-Instruct,bfloat16,2026-08-02T08:51:45,inference,40,1.401492403820157,24,
V100,Tesla V100-PCIE-16GB,qwen-3b,Qwen/Qwen2.5-3B-Instruct,bfloat16,2026-08-02T08:51:45,inference,41,1.4178631263785064,24,
V100,Tesla V100-PCIE-16GB,qwen-3b,Qwen/Qwen2.5-3B-Instruct,bfloat16,2026-08-02T08:51:45,inference,42,1.4095590179786086,24,
V100,Tesla V100-PCIE-16GB,qwen-3b,Qwen/Qwen2.5-3B-Instruct,bfloat16,2026-08-02T08:51:45,inference,43,1.4177617859095335,24,
V100,Tesla V100-PCIE-16GB,qwen-3b,Qwen/Qwen2.5-3B-Instruct,bfloat16,2026-08-02T08:51:45,inference,44,1.4283613781444728,24,
V100,Tesla V100-PCIE-16GB,qwen-3b,Qwen/Qwen2.5-3B-Instruct,bfloat16,2026-08-02T08:51:45,inference,45,1.4120717933401465,24,
V100,Tesla V100-PCIE-16GB,qwen-3b,Qwen/Qwen2.5-3B-Instruct,bfloat16,2026-08-02T08:51:45,inference,46,1.4113911227323115,24,
V100,Tesla V100-PCIE-16GB,qwen-3b,Qwen/Qwen2.5-3B-Instruct,bfloat16,2026-08-02T08:51:45,inference,47,1.4105040449649096,24,
V100,Tesla V100-PCIE-16GB,qwen-3b,Qwen/Qwen2.5-3B-Instruct,bfloat16,2026-08-02T08:51:45,inference,48,1.4112191633321345,24,
V100,Tesla V100-PCIE-16GB,qwen-3b,Qwen/Qwen2.5-3B-Instruct,bfloat16,2026-08-02T08:51:45,inference,49,1.4114725938998163,24,
V100,Tesla V100-PCIE-16GB,qwen-3b,Qwen/Qwen2.5-3B-Instruct,bfloat16,2026-08-02T08:51:45,inference,50,1.4115574820898473,24,
V100,Tesla V100-PCIE-16GB,qwen-3b,Qwen/Qwen2.5-3B-Instruct,bfloat16,2026-08-02T08:51:45,inference,51,1.4051141808740795,24,
V100,Tesla V100-PCIE-16GB,qwen-3b,Qwen/Qwen2.5-3B-Instruct,bfloat16,2026-08-02T08:51:45,inference,52,1.4009119677357376,24,
V100,Tesla V100-PCIE-16GB,qwen-3b,Qwen/Qwen2.5-3B-Instruct,bfloat16,2026-08-02T08:51:45,inference,53,1.4011495020240545,24,
V100,Tesla V100-PCIE-16GB,qwen-3b,Qwen/Qwen2.5-3B-Instruct,bfloat16,2026-08-02T08:51:45,inference,54,1.4065845478326082,24,
V100,Tesla V100-PCIE-16GB,qwen-3b,Qwen/Qwen2.5-3B-Instruct,bfloat16,2026-08-02T08:51:45,inference,55,1.408212061971426,24,
V100,Tesla V100-PCIE-16GB,qwen-3b,Qwen/Qwen2.5-3B-Instruct,bfloat16,2026-08-02T08:51:45,inference,56,1.4007705203257501,24,
V100,Tesla V100-PCIE-16GB,qwen-3b,Qwen/Qwen2.5-3B-Instruct,bfloat16,2026-08-02T08:51:45,inference,57,1.4017459419555962,24,
V100,Tesla V100-PCIE-16GB,qwen-3b,Qwen/Qwen2.5-3B-Instruct,bfloat16,2026-08-02T08:51:45,inference,58,1.4019969967193902,24,
V100,Tesla V100-PCIE-16GB,qwen-3b,Qwen/Qwen2.5-3B-Instruct,bfloat16,2026-08-02T08:51:45,inference,59,1.4019922707229853,24,
V100,Tesla V100-PCIE-16GB,qwen-3b,Qwen/Qwen2.5-3B-Instruct,bfloat16,2026-08-02T08:51:45,inference,60,1.4041343457065523,24,
V100,Tesla V100-PCIE-16GB,qwen-3b,Qwen/Qwen2.5-3B-Instruct,bfloat16,2026-08-02T08:51:45,inference,61,1.4136940357275307,24,
V100,Tesla V100-PCIE-16GB,qwen-3b,Qwen/Qwen2.5-3B-Instruct,bfloat16,2026-08-02T08:51:45,inference,62,1.4120440338738263,24,
V100,Tesla V100-PCIE-16GB,qwen-3b,Qwen/Qwen2.5-3B-Instruct,bfloat16,2026-08-02T08:51:45,inference,63,1.4138947129249573,24,
V100,Tesla V100-PCIE-16GB,qwen-3b,Qwen/Qwen2.5-3B-Instruct,bfloat16,2026-08-02T08:51:45,inference,64,1.413524696137756,24,
V100,Tesla V100-PCIE-16GB,qwen-3b,Qwen/Qwen2.5-3B-Instruct,bfloat16,2026-08-02T08:51:45,inference,65,1.4226847370155156,24,
V100,Tesla V100-PCIE-16GB,qwen-3b,Qwen/Qwen2.5-3B-Instruct,bfloat16,2026-08-02T08:51:45,inference,66,1.406646921299398,24,
V100,Tesla V100-PCIE-16GB,qwen-3b,Qwen/Qwen2.5-3B-Instruct,bfloat16,2026-08-02T08:51:45,inference,67,1.4014514810405672,24,
V100,Tesla V100-PCIE-16GB,qwen-3b,Qwen/Qwen2.5-3B-Instruct,bfloat16,2026-08-02T08:51:45,inference,68,1.4017880242317915,24,
V100,Tesla V100-PCIE-16GB,qwen-3b,Qwen/Qwen2.5-3B-Instruct,bfloat16,2026-08-02T08:51:45,inference,69,1.402766898740083,24,
V100,Tesla V100-PCIE-16GB,qwen-3b,Qwen/Qwen2.5-3B-Instruct,bfloat16,2026-08-02T08:51:45,inference,70,1.4016873487271369,24,
V100,Tesla V100-PCIE-16GB,qwen-3b,Qwen/Qwen2.5-3B-Instruct,bfloat16,2026-08-02T08:51:45,inference,71,1.4048899039626122,24,
V100,Tesla V100-PCIE-16GB,qwen-3b,Qwen/Qwen2.5-3B-Instruct,bfloat16,2026-08-02T08:51:45,inference,72,1.4017461566254497,24,
V100,Tesla V100-PCIE-16GB,qwen-3b,Qwen/Qwen2.5-3B-Instruct,bfloat16,2026-08-02T08:51:45,inference,73,1.4013873189687729,24,
V100,Tesla V100-PCIE-16GB,qwen-3b,Qwen/Qwen2.5-3B-Instruct,bfloat16,2026-08-02T08:51:45,inference,74,1.4077058481052518,24,
V100,Tesla V100-PCIE-16GB,qwen-3b,Qwen/Qwen2.5-3B-Instruct,bfloat16,2026-08-02T08:51:45,inference,75,1.4114995310083032,24,
V100,Tesla V100-PCIE-16GB,qwen-3b,Qwen/Qwen2.5-3B-Instruct,bfloat16,2026-08-02T08:51:45,inference,76,1.4165749340318143,24,
V100,Tesla V100-PCIE-16GB,qwen-3b,Qwen/Qwen2.5-3B-Instruct,bfloat16,2026-08-02T08:51:45,inference,77,1.4122215518727899,24,
V100,Tesla V100-PCIE-16GB,qwen-3b,Qwen/Qwen2.5-3B-Instruct,bfloat16,2026-08-02T08:51:45,inference,78,1.4131869380362332,24,
V100,Tesla V100-PCIE-16GB,qwen-3b,Qwen/Qwen2.5-3B-Instruct,bfloat16,2026-08-02T08:51:45,inference,79,1.4121516118757427,24,
V100,Tesla V100-PCIE-16GB,qwen-3b,Qwen/Qwen2.5-3B-Instruct,bfloat16,2026-08-02T08:51:45,inference,80,1.4100447506643832,24,
V100,Tesla V100-PCIE-16GB,qwen-3b,Qwen/Qwen2.5-3B-Instruct,bfloat16,2026-08-02T08:51:45,inference,81,1.4037164952605963,24,
V100,Tesla V100-PCIE-16GB,qwen-3b,Qwen/Qwen2.5-3B-Instruct,bfloat16,2026-08-02T08:51:45,inference,82,1.4018887868151069,24,
V100,Tesla V100-PCIE-16GB,qwen-3b,Qwen/Qwen2.5-3B-Instruct,bfloat16,2026-08-02T08:51:45,inference,83,1.4008940253406763,24,
V100,Tesla V100-PCIE-16GB,qwen-3b,Qwen/Qwen2.5-3B-Instruct,bfloat16,2026-08-02T08:51:45,inference,84,1.4024995942600071,24,
V100,Tesla V100-PCIE-16GB,qwen-3b,Qwen/Qwen2.5-3B-Instruct,bfloat16,2026-08-02T08:51:45,inference,85,1.4025293858721852,24,
V100,Tesla V100-PCIE-16GB,qwen-3b,Qwen/Qwen2.5-3B-Instruct,bfloat16,2026-08-02T08:51:45,inference,86,1.404948758892715,24,
V100,Tesla V100-PCIE-16GB,qwen-3b,Qwen/Qwen2.5-3B-Instruct,bfloat16,2026-08-02T08:51:45,inference,87,1.403059079311788,24,
V100,Tesla V100-PCIE-16GB,qwen-3b,Qwen/Qwen2.5-3B-Instruct,bfloat16,2026-08-02T08:51:45,inference,88,1.4004685026593506,24,
V100,Tesla V100-PCIE-16GB,qwen-3b,Qwen/Qwen2.5-3B-Instruct,bfloat16,2026-08-02T08:51:45,inference,89,1.4074815106578171,24,
V100,Tesla V100-PCIE-16GB,qwen-3b,Qwen/Qwen2.5-3B-Instruct,bfloat16,2026-08-02T08:51:45,inference,90,1.411158777307719,24,
V100,Tesla V100-PCIE-16GB,qwen-3b,Qwen/Qwen2.5-3B-Instruct,bfloat16,2026-08-02T08:51:45,inference,91,1.4123130119405687,24,
V100,Tesla V100-PCIE-16GB,qwen-3b,Qwen/Qwen2.5-3B-Instruct,bfloat16,2026-08-02T08:51:45,inference,92,1.4128782581537962,24,
V100,Tesla V100-PCIE-16GB,qwen-3b,Qwen/Qwen2.5-3B-Instruct,bfloat16,2026-08-02T08:51:45,inference,93,1.4135533622466028,24,
V100,Tesla V100-PCIE-16GB,qwen-3b,Qwen/Qwen2.5-3B-Instruct,bfloat16,2026-08-02T08:51:45,inference,94,1.4111058353446424,24,
V100,Tesla V100-PCIE-16GB,qwen-3b,Qwen/Qwen2.5-3B-Instruct,bfloat16,2026-08-02T08:51:45,inference,95,1.412025214638561,24,
V100,Tesla V100-PCIE-16GB,qwen-3b,Qwen/Qwen2.5-3B-Instruct,bfloat16,2026-08-02T08:51:45,inference,96,1.4110456397756934,24,
V100,Tesla V100-PCIE-16GB,qwen-3b,Qwen/Qwen2.5-3B-Instruct,bfloat16,2026-08-02T08:51:45,inference,97,1.4069086918607354,24,
V100,Tesla V100-PCIE-16GB,qwen-3b,Qwen/Qwen2.5-3B-Instruct,bfloat16,2026-08-02T08:51:45,inference,98,1.402055786922574,24,
V100,Tesla V100-PCIE-16GB,qwen-3b,Qwen/Qwen2.5-3B-Instruct,bfloat16,2026-08-02T08:51:45,inference,99,1.4013867140747607,24,
